,theta i [rad],r orb [AU],v orb [km s-1],ang orb [rad],r L1 [AU],v i [km s-1],ang i [rad],a p [AU],e p,theta p i [rad],flag impact,v imp [km s-1],ang imp [rad]
0,0.0,1.0,44.1834376782,1.57079632679,0.475475478979,4.41834376782,1.57079632679,0.238987700193,0.989539539462,3.14159265359,1.0,614.829689348,0.825601130837
1,0.0157473315969,1.0,44.1834376782,1.57079632679,0.475475478979,4.41834376782,1.57079632679,0.238987700193,0.989539539462,3.14159265359,1.0,614.829689348,0.825601130837
2,0.0314946631939,1.0,44.1834376782,1.57079632679,0.475475478979,4.41834376782,1.57079632679,0.238987700193,0.989539539462,3.14159265359,1.0,614.829689348,0.825601130837
3,0.0472419947908,1.0,44.1834376782,1.57079632679,0.475475478979,4.41834376782,1.57079632679,0.238987700193,0.989539539462,3.14159265359,1.0,614.829689348,0.825601130837
4,0.0629893263878,1.0,44.1834376782,1.57079632679,0.475475478979,4.41834376782,1.57079632679,0.238987700193,0.989539539462,3.14159265359,1.0,614.829689348,0.825601130837
5,0.0787366579847,1.0,44.1834376782,1.57079632679,0.475475478979,4.41834376782,1.57079632679,0.238987700193,0.989539539462,3.14159265359,1.0,614.829689348,0.825601130837
6,0.0944839895816,1.0,44.1834376782,1.57079632679,0.475475478979,4.41834376782,1.57079632679,0.238987700193,0.989539539462,3.14159265359,1.0,614.829689348,0.825601130837
7,0.110231321179,1.0,44.1834376782,1.57079632679,0.475475478979,4.41834376782,1.57079632679,0.238987700193,0.989539539462,3.14159265359,1.0,614.829689348,0.825601130837
8,0.125978652776,1.0,44.1834376782,1.57079632679,0.475475478979,4.41834376782,1.57079632679,0.238987700193,0.989539539462,3.14159265359,1.0,614.829689348,0.825601130837
9,0.141725984372,1.0,44.1834376782,1.57079632679,0.475475478979,4.41834376782,1.57079632679,0.238987700193,0.989539539462,3.14159265359,1.0,614.829689348,0.825601130837
10,0.157473315969,1.0,44.1834376782,1.57079632679,0.475475478979,4.41834376782,1.57079632679,0.238987700193,0.989539539462,3.14159265359,1.0,614.829689348,0.825601130837
11,0.173220647566,1.0,44.1834376782,1.57079632679,0.475475478979,4.41834376782,1.57079632679,0.238987700193,0.989539539462,3.14159265359,1.0,614.829689348,0.825601130837
12,0.188967979163,1.0,44.1834376782,1.57079632679,0.475475478979,4.41834376782,1.57079632679,0.238987700193,0.989539539462,3.14159265359,1.0,614.829689348,0.825601130837
13,0.20471531076,1.0,44.1834376782,1.57079632679,0.475475478979,4.41834376782,1.57079632679,0.238987700193,0.989539539462,3.14159265359,1.0,614.829689348,0.825601130837
14,0.220462642357,1.0,44.1834376782,1.57079632679,0.475475478979,4.41834376782,1.57079632679,0.238987700193,0.989539539462,3.14159265359,1.0,614.829689348,0.825601130837
15,0.236209973954,1.0,44.1834376782,1.57079632679,0.475475478979,4.41834376782,1.57079632679,0.238987700193,0.989539539462,3.14159265359,1.0,614.829689348,0.825601130837
16,0.251957305551,1.0,44.1834376782,1.57079632679,0.475475478979,4.41834376782,1.57079632679,0.238987700193,0.989539539462,3.14159265359,1.0,614.829689348,0.825601130837
17,0.267704637148,1.0,44.1834376782,1.57079632679,0.475475478979,4.41834376782,1.57079632679,0.238987700193,0.989539539462,3.14159265359,1.0,614.829689348,0.825601130837
18,0.283451968745,1.0,44.1834376782,1.57079632679,0.475475478979,4.41834376782,1.57079632679,0.238987700193,0.989539539462,3.14159265359,1.0,614.829689348,0.825601130837
19,0.299199300342,1.0,44.1834376782,1.57079632679,0.475475478979,4.41834376782,1.57079632679,0.238987700193,0.989539539462,3.14159265359,1.0,614.829689348,0.825601130837
20,0.314946631939,1.0,44.1834376782,1.57079632679,0.475475478979,4.41834376782,1.57079632679,0.238987700193,0.989539539462,3.14159265359,1.0,614.829689348,0.825601130837
21,0.330693963536,1.0,44.1834376782,1.57079632679,0.475475478979,4.41834376782,1.57079632679,0.238987700193,0.989539539462,3.14159265359,1.0,614.829689348,0.825601130837
22,0.346441295133,1.0,44.1834376782,1.57079632679,0.475475478979,4.41834376782,1.57079632679,0.238987700193,0.989539539462,3.14159265359,1.0,614.829689348,0.825601130837
23,0.36218862673,1.0,44.1834376782,1.57079632679,0.475475478979,4.41834376782,1.57079632679,0.238987700193,0.989539539462,3.14159265359,1.0,614.829689348,0.825601130837
24,0.377935958327,1.0,44.1834376782,1.57079632679,0.475475478979,4.41834376782,1.57079632679,0.238987700193,0.989539539462,3.14159265359,1.0,614.829689348,0.825601130837
25,0.393683289924,1.0,44.1834376782,1.57079632679,0.475475478979,4.41834376782,1.57079632679,0.238987700193,0.989539539462,3.14159265359,1.0,614.829689348,0.825601130837
26,0.40943062152,1.0,44.1834376782,1.57079632679,0.475475478979,4.41834376782,1.57079632679,0.238987700193,0.989539539462,3.14159265359,1.0,614.829689348,0.825601130837
27,0.425177953117,1.0,44.1834376782,1.57079632679,0.475475478979,4.41834376782,1.57079632679,0.238987700193,0.989539539462,3.14159265359,1.0,614.829689348,0.825601130837
28,0.440925284714,1.0,44.1834376782,1.57079632679,0.475475478979,4.41834376782,1.57079632679,0.238987700193,0.989539539462,3.14159265359,1.0,614.829689348,0.825601130837
29,0.456672616311,1.0,44.1834376782,1.57079632679,0.475475478979,4.41834376782,1.57079632679,0.238987700193,0.989539539462,3.14159265359,1.0,614.829689348,0.825601130837
30,0.472419947908,1.0,44.1834376782,1.57079632679,0.475475478979,4.41834376782,1.57079632679,0.238987700193,0.989539539462,3.14159265359,1.0,614.829689348,0.825601130837
31,0.488167279505,1.0,44.1834376782,1.57079632679,0.475475478979,4.41834376782,1.57079632679,0.238987700193,0.989539539462,3.14159265359,1.0,614.829689348,0.825601130837
32,0.503914611102,1.0,44.1834376782,1.57079632679,0.475475478979,4.41834376782,1.57079632679,0.238987700193,0.989539539462,3.14159265359,1.0,614.829689348,0.825601130837
33,0.519661942699,1.0,44.1834376782,1.57079632679,0.475475478979,4.41834376782,1.57079632679,0.238987700193,0.989539539462,3.14159265359,1.0,614.829689348,0.825601130837
34,0.535409274296,1.0,44.1834376782,1.57079632679,0.475475478979,4.41834376782,1.57079632679,0.238987700193,0.989539539462,3.14159265359,1.0,614.829689348,0.825601130837
35,0.551156605893,1.0,44.1834376782,1.57079632679,0.475475478979,4.41834376782,1.57079632679,0.238987700193,0.989539539462,3.14159265359,1.0,614.829689348,0.825601130837
36,0.56690393749,1.0,44.1834376782,1.57079632679,0.475475478979,4.41834376782,1.57079632679,0.238987700193,0.989539539462,3.14159265359,1.0,614.829689348,0.825601130837
37,0.582651269087,1.0,44.1834376782,1.57079632679,0.475475478979,4.41834376782,1.57079632679,0.238987700193,0.989539539462,3.14159265359,1.0,614.829689348,0.825601130837
38,0.598398600684,1.0,44.1834376782,1.57079632679,0.475475478979,4.41834376782,1.57079632679,0.238987700193,0.989539539462,3.14159265359,1.0,614.829689348,0.825601130837
39,0.614145932281,1.0,44.1834376782,1.57079632679,0.475475478979,4.41834376782,1.57079632679,0.238987700193,0.989539539462,3.14159265359,1.0,614.829689348,0.825601130837
40,0.629893263878,1.0,44.1834376782,1.57079632679,0.475475478979,4.41834376782,1.57079632679,0.238987700193,0.989539539462,3.14159265359,1.0,614.829689348,0.825601130837
41,0.645640595475,1.0,44.1834376782,1.57079632679,0.475475478979,4.41834376782,1.57079632679,0.238987700193,0.989539539462,3.14159265359,1.0,614.829689348,0.825601130837
42,0.661387927072,1.0,44.1834376782,1.57079632679,0.475475478979,4.41834376782,1.57079632679,0.238987700193,0.989539539462,3.14159265359,1.0,614.829689348,0.825601130837
43,0.677135258668,1.0,44.1834376782,1.57079632679,0.475475478979,4.41834376782,1.57079632679,0.238987700193,0.989539539462,3.14159265359,1.0,614.829689348,0.825601130837
44,0.692882590265,1.0,44.1834376782,1.57079632679,0.475475478979,4.41834376782,1.57079632679,0.238987700193,0.989539539462,3.14159265359,1.0,614.829689348,0.825601130837
45,0.708629921862,1.0,44.1834376782,1.57079632679,0.475475478979,4.41834376782,1.57079632679,0.238987700193,0.989539539462,3.14159265359,1.0,614.829689348,0.825601130837
46,0.724377253459,1.0,44.1834376782,1.57079632679,0.475475478979,4.41834376782,1.57079632679,0.238987700193,0.989539539462,3.14159265359,1.0,614.829689348,0.825601130837
47,0.740124585056,1.0,44.1834376782,1.57079632679,0.475475478979,4.41834376782,1.57079632679,0.238987700193,0.989539539462,3.14159265359,1.0,614.829689348,0.825601130837
48,0.755871916653,1.0,44.1834376782,1.57079632679,0.475475478979,4.41834376782,1.57079632679,0.238987700193,0.989539539462,3.14159265359,1.0,614.829689348,0.825601130837
49,0.77161924825,1.0,44.1834376782,1.57079632679,0.475475478979,4.41834376782,1.57079632679,0.238987700193,0.989539539462,3.14159265359,1.0,614.829689348,0.825601130837
50,0.787366579847,1.0,44.1834376782,1.57079632679,0.475475478979,4.41834376782,1.57079632679,0.238987700193,0.989539539462,3.14159265359,1.0,614.829689348,0.825601130837
51,0.803113911444,1.0,44.1834376782,1.57079632679,0.475475478979,4.41834376782,1.57079632679,0.238987700193,0.989539539462,3.14159265359,1.0,614.829689348,0.825601130837
52,0.818861243041,1.0,44.1834376782,1.57079632679,0.475475478979,4.41834376782,1.57079632679,0.238987700193,0.989539539462,3.14159265359,1.0,614.829689348,0.825601130837
53,0.834608574638,1.0,44.1834376782,1.57079632679,0.475475478979,4.41834376782,1.57079632679,0.238987700193,0.989539539462,3.14159265359,1.0,614.829689348,0.825601130837
54,0.850355906235,1.0,44.1834376782,1.57079632679,0.475475478979,4.41834376782,1.57079632679,0.238987700193,0.989539539462,3.14159265359,1.0,614.829689348,0.825601130837
55,0.866103237832,1.0,44.1834376782,1.57079632679,0.475475478979,4.41834376782,1.57079632679,0.238987700193,0.989539539462,3.14159265359,1.0,614.829689348,0.825601130837
56,0.881850569429,1.0,44.1834376782,1.57079632679,0.475475478979,4.41834376782,1.57079632679,0.238987700193,0.989539539462,3.14159265359,1.0,614.829689348,0.825601130837
57,0.897597901026,1.0,44.1834376782,1.57079632679,0.475475478979,4.41834376782,1.57079632679,0.238987700193,0.989539539462,3.14159265359,1.0,614.829689348,0.825601130837
58,0.913345232623,1.0,44.1834376782,1.57079632679,0.475475478979,4.41834376782,1.57079632679,0.238987700193,0.989539539462,3.14159265359,1.0,614.829689348,0.825601130837
59,0.92909256422,1.0,44.1834376782,1.57079632679,0.475475478979,4.41834376782,1.57079632679,0.238987700193,0.989539539462,3.14159265359,1.0,614.829689348,0.825601130837
60,0.944839895816,1.0,44.1834376782,1.57079632679,0.475475478979,4.41834376782,1.57079632679,0.238987700193,0.989539539462,3.14159265359,1.0,614.829689348,0.825601130837
61,0.960587227413,1.0,44.1834376782,1.57079632679,0.475475478979,4.41834376782,1.57079632679,0.238987700193,0.989539539462,3.14159265359,1.0,614.829689348,0.825601130837
62,0.97633455901,1.0,44.1834376782,1.57079632679,0.475475478979,4.41834376782,1.57079632679,0.238987700193,0.989539539462,3.14159265359,1.0,614.829689348,0.825601130837
63,0.992081890607,1.0,44.1834376782,1.57079632679,0.475475478979,4.41834376782,1.57079632679,0.238987700193,0.989539539462,3.14159265359,1.0,614.829689348,0.825601130837
64,1.0078292222,1.0,44.1834376782,1.57079632679,0.475475478979,4.41834376782,1.57079632679,0.238987700193,0.989539539462,3.14159265359,1.0,614.829689348,0.825601130837
65,1.0235765538,1.0,44.1834376782,1.57079632679,0.475475478979,4.41834376782,1.57079632679,0.238987700193,0.989539539462,3.14159265359,1.0,614.829689348,0.825601130837
66,1.0393238854,1.0,44.1834376782,1.57079632679,0.475475478979,4.41834376782,1.57079632679,0.238987700193,0.989539539462,3.14159265359,1.0,614.829689348,0.825601130837
67,1.055071217,1.0,44.1834376782,1.57079632679,0.475475478979,4.41834376782,1.57079632679,0.238987700193,0.989539539462,3.14159265359,1.0,614.829689348,0.825601130837
68,1.07081854859,1.0,44.1834376782,1.57079632679,0.475475478979,4.41834376782,1.57079632679,0.238987700193,0.989539539462,3.14159265359,1.0,614.829689348,0.825601130837
69,1.08656588019,1.0,44.1834376782,1.57079632679,0.475475478979,4.41834376782,1.57079632679,0.238987700193,0.989539539462,3.14159265359,1.0,614.829689348,0.825601130837
70,1.10231321179,1.0,44.1834376782,1.57079632679,0.475475478979,4.41834376782,1.57079632679,0.238987700193,0.989539539462,3.14159265359,1.0,614.829689348,0.825601130837
71,1.11806054338,1.0,44.1834376782,1.57079632679,0.475475478979,4.41834376782,1.57079632679,0.238987700193,0.989539539462,3.14159265359,1.0,614.829689348,0.825601130837
72,1.13380787498,1.0,44.1834376782,1.57079632679,0.475475478979,4.41834376782,1.57079632679,0.238987700193,0.989539539462,3.14159265359,1.0,614.829689348,0.825601130837
73,1.14955520658,1.0,44.1834376782,1.57079632679,0.475475478979,4.41834376782,1.57079632679,0.238987700193,0.989539539462,3.14159265359,1.0,614.829689348,0.825601130837
74,1.16530253817,1.0,44.1834376782,1.57079632679,0.475475478979,4.41834376782,1.57079632679,0.238987700193,0.989539539462,3.14159265359,1.0,614.829689348,0.825601130837
75,1.18104986977,1.0,44.1834376782,1.57079632679,0.475475478979,4.41834376782,1.57079632679,0.238987700193,0.989539539462,3.14159265359,1.0,614.829689348,0.825601130837
76,1.19679720137,1.0,44.1834376782,1.57079632679,0.475475478979,4.41834376782,1.57079632679,0.238987700193,0.989539539462,3.14159265359,1.0,614.829689348,0.825601130837
77,1.21254453296,1.0,44.1834376782,1.57079632679,0.475475478979,4.41834376782,1.57079632679,0.238987700193,0.989539539462,3.14159265359,1.0,614.829689348,0.825601130837
78,1.22829186456,1.0,44.1834376782,1.57079632679,0.475475478979,4.41834376782,1.57079632679,0.238987700193,0.989539539462,3.14159265359,1.0,614.829689348,0.825601130837
79,1.24403919616,1.0,44.1834376782,1.57079632679,0.475475478979,4.41834376782,1.57079632679,0.238987700193,0.989539539462,3.14159265359,1.0,614.829689348,0.825601130837
80,1.25978652776,1.0,44.1834376782,1.57079632679,0.475475478979,4.41834376782,1.57079632679,0.238987700193,0.989539539462,3.14159265359,1.0,614.829689348,0.825601130837
81,1.27553385935,1.0,44.1834376782,1.57079632679,0.475475478979,4.41834376782,1.57079632679,0.238987700193,0.989539539462,3.14159265359,1.0,614.829689348,0.825601130837
82,1.29128119095,1.0,44.1834376782,1.57079632679,0.475475478979,4.41834376782,1.57079632679,0.238987700193,0.989539539462,3.14159265359,1.0,614.829689348,0.825601130837
83,1.30702852255,1.0,44.1834376782,1.57079632679,0.475475478979,4.41834376782,1.57079632679,0.238987700193,0.989539539462,3.14159265359,1.0,614.829689348,0.825601130837
84,1.32277585414,1.0,44.1834376782,1.57079632679,0.475475478979,4.41834376782,1.57079632679,0.238987700193,0.989539539462,3.14159265359,1.0,614.829689348,0.825601130837
85,1.33852318574,1.0,44.1834376782,1.57079632679,0.475475478979,4.41834376782,1.57079632679,0.238987700193,0.989539539462,3.14159265359,1.0,614.829689348,0.825601130837
86,1.35427051734,1.0,44.1834376782,1.57079632679,0.475475478979,4.41834376782,1.57079632679,0.238987700193,0.989539539462,3.14159265359,1.0,614.829689348,0.825601130837
87,1.37001784893,1.0,44.1834376782,1.57079632679,0.475475478979,4.41834376782,1.57079632679,0.238987700193,0.989539539462,3.14159265359,1.0,614.829689348,0.825601130837
88,1.38576518053,1.0,44.1834376782,1.57079632679,0.475475478979,4.41834376782,1.57079632679,0.238987700193,0.989539539462,3.14159265359,1.0,614.829689348,0.825601130837
89,1.40151251213,1.0,44.1834376782,1.57079632679,0.475475478979,4.41834376782,1.57079632679,0.238987700193,0.989539539462,3.14159265359,1.0,614.829689348,0.825601130837
90,1.41725984372,1.0,44.1834376782,1.57079632679,0.475475478979,4.41834376782,1.57079632679,0.238987700193,0.989539539462,3.14159265359,1.0,614.829689348,0.825601130837
91,1.43300717532,1.0,44.1834376782,1.57079632679,0.475475478979,4.41834376782,1.57079632679,0.238987700193,0.989539539462,3.14159265359,1.0,614.829689348,0.825601130837
92,1.44875450692,1.0,44.1834376782,1.57079632679,0.475475478979,4.41834376782,1.57079632679,0.238987700193,0.989539539462,3.14159265359,1.0,614.829689348,0.825601130837
93,1.46450183852,1.0,44.1834376782,1.57079632679,0.475475478979,4.41834376782,1.57079632679,0.238987700193,0.989539539462,3.14159265359,1.0,614.829689348,0.825601130837
94,1.48024917011,1.0,44.1834376782,1.57079632679,0.475475478979,4.41834376782,1.57079632679,0.238987700193,0.989539539462,3.14159265359,1.0,614.829689348,0.825601130837
95,1.49599650171,1.0,44.1834376782,1.57079632679,0.475475478979,4.41834376782,1.57079632679,0.238987700193,0.989539539462,3.14159265359,1.0,614.829689348,0.825601130837
96,1.51174383331,1.0,44.1834376782,1.57079632679,0.475475478979,4.41834376782,1.57079632679,0.238987700193,0.989539539462,3.14159265359,1.0,614.829689348,0.825601130837
97,1.5274911649,1.0,44.1834376782,1.57079632679,0.475475478979,4.41834376782,1.57079632679,0.238987700193,0.989539539462,3.14159265359,1.0,614.829689348,0.825601130837
98,1.5432384965,1.0,44.1834376782,1.57079632679,0.475475478979,4.41834376782,1.57079632679,0.238987700193,0.989539539462,3.14159265359,1.0,614.829689348,0.825601130837
99,1.5589858281,1.0,44.1834376782,1.57079632679,0.475475478979,4.41834376782,1.57079632679,0.238987700193,0.989539539462,3.14159265359,1.0,614.829689348,0.825601130837
100,1.57473315969,1.0,44.1834376782,1.57079632679,0.475475478979,4.41834376782,1.57079632679,0.238987700193,0.989539539462,3.14159265359,1.0,614.829689348,0.825601130837
101,1.59048049129,1.0,44.1834376782,1.57079632679,0.475475478979,4.41834376782,1.57079632679,0.238987700193,0.989539539462,3.14159265359,1.0,614.829689348,0.825601130837
102,1.60622782289,1.0,44.1834376782,1.57079632679,0.475475478979,4.41834376782,1.57079632679,0.238987700193,0.989539539462,3.14159265359,1.0,614.829689348,0.825601130837
103,1.62197515448,1.0,44.1834376782,1.57079632679,0.475475478979,4.41834376782,1.57079632679,0.238987700193,0.989539539462,3.14159265359,1.0,614.829689348,0.825601130837
104,1.63772248608,1.0,44.1834376782,1.57079632679,0.475475478979,4.41834376782,1.57079632679,0.238987700193,0.989539539462,3.14159265359,1.0,614.829689348,0.825601130837
105,1.65346981768,1.0,44.1834376782,1.57079632679,0.475475478979,4.41834376782,1.57079632679,0.238987700193,0.989539539462,3.14159265359,1.0,614.829689348,0.825601130837
106,1.66921714928,1.0,44.1834376782,1.57079632679,0.475475478979,4.41834376782,1.57079632679,0.238987700193,0.989539539462,3.14159265359,1.0,614.829689348,0.825601130837
107,1.68496448087,1.0,44.1834376782,1.57079632679,0.475475478979,4.41834376782,1.57079632679,0.238987700193,0.989539539462,3.14159265359,1.0,614.829689348,0.825601130837
108,1.70071181247,1.0,44.1834376782,1.57079632679,0.475475478979,4.41834376782,1.57079632679,0.238987700193,0.989539539462,3.14159265359,1.0,614.829689348,0.825601130837
109,1.71645914407,1.0,44.1834376782,1.57079632679,0.475475478979,4.41834376782,1.57079632679,0.238987700193,0.989539539462,3.14159265359,1.0,614.829689348,0.825601130837
110,1.73220647566,1.0,44.1834376782,1.57079632679,0.475475478979,4.41834376782,1.57079632679,0.238987700193,0.989539539462,3.14159265359,1.0,614.829689348,0.825601130837
111,1.74795380726,1.0,44.1834376782,1.57079632679,0.475475478979,4.41834376782,1.57079632679,0.238987700193,0.989539539462,3.14159265359,1.0,614.829689348,0.825601130837
112,1.76370113886,1.0,44.1834376782,1.57079632679,0.475475478979,4.41834376782,1.57079632679,0.238987700193,0.989539539462,3.14159265359,1.0,614.829689348,0.825601130837
113,1.77944847045,1.0,44.1834376782,1.57079632679,0.475475478979,4.41834376782,1.57079632679,0.238987700193,0.989539539462,3.14159265359,1.0,614.829689348,0.825601130837
114,1.79519580205,1.0,44.1834376782,1.57079632679,0.475475478979,4.41834376782,1.57079632679,0.238987700193,0.989539539462,3.14159265359,1.0,614.829689348,0.825601130837
115,1.81094313365,1.0,44.1834376782,1.57079632679,0.475475478979,4.41834376782,1.57079632679,0.238987700193,0.989539539462,3.14159265359,1.0,614.829689348,0.825601130837
116,1.82669046525,1.0,44.1834376782,1.57079632679,0.475475478979,4.41834376782,1.57079632679,0.238987700193,0.989539539462,3.14159265359,1.0,614.829689348,0.825601130837
117,1.84243779684,1.0,44.1834376782,1.57079632679,0.475475478979,4.41834376782,1.57079632679,0.238987700193,0.989539539462,3.14159265359,1.0,614.829689348,0.825601130837
118,1.85818512844,1.0,44.1834376782,1.57079632679,0.475475478979,4.41834376782,1.57079632679,0.238987700193,0.989539539462,3.14159265359,1.0,614.829689348,0.825601130837
119,1.87393246004,1.0,44.1834376782,1.57079632679,0.475475478979,4.41834376782,1.57079632679,0.238987700193,0.989539539462,3.14159265359,1.0,614.829689348,0.825601130837
120,1.88967979163,1.0,44.1834376782,1.57079632679,0.475475478979,4.41834376782,1.57079632679,0.238987700193,0.989539539462,3.14159265359,1.0,614.829689348,0.825601130837
121,1.90542712323,1.0,44.1834376782,1.57079632679,0.475475478979,4.41834376782,1.57079632679,0.238987700193,0.989539539462,3.14159265359,1.0,614.829689348,0.825601130837
122,1.92117445483,1.0,44.1834376782,1.57079632679,0.475475478979,4.41834376782,1.57079632679,0.238987700193,0.989539539462,3.14159265359,1.0,614.829689348,0.825601130837
123,1.93692178642,1.0,44.1834376782,1.57079632679,0.475475478979,4.41834376782,1.57079632679,0.238987700193,0.989539539462,3.14159265359,1.0,614.829689348,0.825601130837
124,1.95266911802,1.0,44.1834376782,1.57079632679,0.475475478979,4.41834376782,1.57079632679,0.238987700193,0.989539539462,3.14159265359,1.0,614.829689348,0.825601130837
125,1.96841644962,1.0,44.1834376782,1.57079632679,0.475475478979,4.41834376782,1.57079632679,0.238987700193,0.989539539462,3.14159265359,1.0,614.829689348,0.825601130837
126,1.98416378121,1.0,44.1834376782,1.57079632679,0.475475478979,4.41834376782,1.57079632679,0.238987700193,0.989539539462,3.14159265359,1.0,614.829689348,0.825601130837
127,1.99991111281,1.0,44.1834376782,1.57079632679,0.475475478979,4.41834376782,1.57079632679,0.238987700193,0.989539539462,3.14159265359,1.0,614.829689348,0.825601130837
128,2.01565844441,1.0,44.1834376782,1.57079632679,0.475475478979,4.41834376782,1.57079632679,0.238987700193,0.989539539462,3.14159265359,1.0,614.829689348,0.825601130837
129,2.03140577601,1.0,44.1834376782,1.57079632679,0.475475478979,4.41834376782,1.57079632679,0.238987700193,0.989539539462,3.14159265359,1.0,614.829689348,0.825601130837
130,2.0471531076,1.0,44.1834376782,1.57079632679,0.475475478979,4.41834376782,1.57079632679,0.238987700193,0.989539539462,3.14159265359,1.0,614.829689348,0.825601130837
131,2.0629004392,1.0,44.1834376782,1.57079632679,0.475475478979,4.41834376782,1.57079632679,0.238987700193,0.989539539462,3.14159265359,1.0,614.829689348,0.825601130837
132,2.0786477708,1.0,44.1834376782,1.57079632679,0.475475478979,4.41834376782,1.57079632679,0.238987700193,0.989539539462,3.14159265359,1.0,614.829689348,0.825601130837
133,2.09439510239,1.0,44.1834376782,1.57079632679,0.475475478979,4.41834376782,1.57079632679,0.238987700193,0.989539539462,3.14159265359,1.0,614.829689348,0.825601130837
134,2.11014243399,1.0,44.1834376782,1.57079632679,0.475475478979,4.41834376782,1.57079632679,0.238987700193,0.989539539462,3.14159265359,1.0,614.829689348,0.825601130837
135,2.12588976559,1.0,44.1834376782,1.57079632679,0.475475478979,4.41834376782,1.57079632679,0.238987700193,0.989539539462,3.14159265359,1.0,614.829689348,0.825601130837
136,2.14163709718,1.0,44.1834376782,1.57079632679,0.475475478979,4.41834376782,1.57079632679,0.238987700193,0.989539539462,3.14159265359,1.0,614.829689348,0.825601130837
137,2.15738442878,1.0,44.1834376782,1.57079632679,0.475475478979,4.41834376782,1.57079632679,0.238987700193,0.989539539462,3.14159265359,1.0,614.829689348,0.825601130837
138,2.17313176038,1.0,44.1834376782,1.57079632679,0.475475478979,4.41834376782,1.57079632679,0.238987700193,0.989539539462,3.14159265359,1.0,614.829689348,0.825601130837
139,2.18887909197,1.0,44.1834376782,1.57079632679,0.475475478979,4.41834376782,1.57079632679,0.238987700193,0.989539539462,3.14159265359,1.0,614.829689348,0.825601130837
140,2.20462642357,1.0,44.1834376782,1.57079632679,0.475475478979,4.41834376782,1.57079632679,0.238987700193,0.989539539462,3.14159265359,1.0,614.829689348,0.825601130837
141,2.22037375517,1.0,44.1834376782,1.57079632679,0.475475478979,4.41834376782,1.57079632679,0.238987700193,0.989539539462,3.14159265359,1.0,614.829689348,0.825601130837
142,2.23612108677,1.0,44.1834376782,1.57079632679,0.475475478979,4.41834376782,1.57079632679,0.238987700193,0.989539539462,3.14159265359,1.0,614.829689348,0.825601130837
143,2.25186841836,1.0,44.1834376782,1.57079632679,0.475475478979,4.41834376782,1.57079632679,0.238987700193,0.989539539462,3.14159265359,1.0,614.829689348,0.825601130837
144,2.26761574996,1.0,44.1834376782,1.57079632679,0.475475478979,4.41834376782,1.57079632679,0.238987700193,0.989539539462,3.14159265359,1.0,614.829689348,0.825601130837
145,2.28336308156,1.0,44.1834376782,1.57079632679,0.475475478979,4.41834376782,1.57079632679,0.238987700193,0.989539539462,3.14159265359,1.0,614.829689348,0.825601130837
146,2.29911041315,1.0,44.1834376782,1.57079632679,0.475475478979,4.41834376782,1.57079632679,0.238987700193,0.989539539462,3.14159265359,1.0,614.829689348,0.825601130837
147,2.31485774475,1.0,44.1834376782,1.57079632679,0.475475478979,4.41834376782,1.57079632679,0.238987700193,0.989539539462,3.14159265359,1.0,614.829689348,0.825601130837
148,2.33060507635,1.0,44.1834376782,1.57079632679,0.475475478979,4.41834376782,1.57079632679,0.238987700193,0.989539539462,3.14159265359,1.0,614.829689348,0.825601130837
149,2.34635240794,1.0,44.1834376782,1.57079632679,0.475475478979,4.41834376782,1.57079632679,0.238987700193,0.989539539462,3.14159265359,1.0,614.829689348,0.825601130837
150,2.36209973954,1.0,44.1834376782,1.57079632679,0.475475478979,4.41834376782,1.57079632679,0.238987700193,0.989539539462,3.14159265359,1.0,614.829689348,0.825601130837
151,2.37784707114,1.0,44.1834376782,1.57079632679,0.475475478979,4.41834376782,1.57079632679,0.238987700193,0.989539539462,3.14159265359,1.0,614.829689348,0.825601130837
152,2.39359440274,1.0,44.1834376782,1.57079632679,0.475475478979,4.41834376782,1.57079632679,0.238987700193,0.989539539462,3.14159265359,1.0,614.829689348,0.825601130837
153,2.40934173433,1.0,44.1834376782,1.57079632679,0.475475478979,4.41834376782,1.57079632679,0.238987700193,0.989539539462,3.14159265359,1.0,614.829689348,0.825601130837
154,2.42508906593,1.0,44.1834376782,1.57079632679,0.475475478979,4.41834376782,1.57079632679,0.238987700193,0.989539539462,3.14159265359,1.0,614.829689348,0.825601130837
155,2.44083639753,1.0,44.1834376782,1.57079632679,0.475475478979,4.41834376782,1.57079632679,0.238987700193,0.989539539462,3.14159265359,1.0,614.829689348,0.825601130837
156,2.45658372912,1.0,44.1834376782,1.57079632679,0.475475478979,4.41834376782,1.57079632679,0.238987700193,0.989539539462,3.14159265359,1.0,614.829689348,0.825601130837
157,2.47233106072,1.0,44.1834376782,1.57079632679,0.475475478979,4.41834376782,1.57079632679,0.238987700193,0.989539539462,3.14159265359,1.0,614.829689348,0.825601130837
158,2.48807839232,1.0,44.1834376782,1.57079632679,0.475475478979,4.41834376782,1.57079632679,0.238987700193,0.989539539462,3.14159265359,1.0,614.829689348,0.825601130837
159,2.50382572391,1.0,44.1834376782,1.57079632679,0.475475478979,4.41834376782,1.57079632679,0.238987700193,0.989539539462,3.14159265359,1.0,614.829689348,0.825601130837
160,2.51957305551,1.0,44.1834376782,1.57079632679,0.475475478979,4.41834376782,1.57079632679,0.238987700193,0.989539539462,3.14159265359,1.0,614.829689348,0.825601130837
161,2.53532038711,1.0,44.1834376782,1.57079632679,0.475475478979,4.41834376782,1.57079632679,0.238987700193,0.989539539462,3.14159265359,1.0,614.829689348,0.825601130837
162,2.5510677187,1.0,44.1834376782,1.57079632679,0.475475478979,4.41834376782,1.57079632679,0.238987700193,0.989539539462,3.14159265359,1.0,614.829689348,0.825601130837
163,2.5668150503,1.0,44.1834376782,1.57079632679,0.475475478979,4.41834376782,1.57079632679,0.238987700193,0.989539539462,3.14159265359,1.0,614.829689348,0.825601130837
164,2.5825623819,1.0,44.1834376782,1.57079632679,0.475475478979,4.41834376782,1.57079632679,0.238987700193,0.989539539462,3.14159265359,1.0,614.829689348,0.825601130837
165,2.5983097135,1.0,44.1834376782,1.57079632679,0.475475478979,4.41834376782,1.57079632679,0.238987700193,0.989539539462,3.14159265359,1.0,614.829689348,0.825601130837
166,2.61405704509,1.0,44.1834376782,1.57079632679,0.475475478979,4.41834376782,1.57079632679,0.238987700193,0.989539539462,3.14159265359,1.0,614.829689348,0.825601130837
167,2.62980437669,1.0,44.1834376782,1.57079632679,0.475475478979,4.41834376782,1.57079632679,0.238987700193,0.989539539462,3.14159265359,1.0,614.829689348,0.825601130837
168,2.64555170829,1.0,44.1834376782,1.57079632679,0.475475478979,4.41834376782,1.57079632679,0.238987700193,0.989539539462,3.14159265359,1.0,614.829689348,0.825601130837
169,2.66129903988,1.0,44.1834376782,1.57079632679,0.475475478979,4.41834376782,1.57079632679,0.238987700193,0.989539539462,3.14159265359,1.0,614.829689348,0.825601130837
170,2.67704637148,1.0,44.1834376782,1.57079632679,0.475475478979,4.41834376782,1.57079632679,0.238987700193,0.989539539462,3.14159265359,1.0,614.829689348,0.825601130837
171,2.69279370308,1.0,44.1834376782,1.57079632679,0.475475478979,4.41834376782,1.57079632679,0.238987700193,0.989539539462,3.14159265359,1.0,614.829689348,0.825601130837
172,2.70854103467,1.0,44.1834376782,1.57079632679,0.475475478979,4.41834376782,1.57079632679,0.238987700193,0.989539539462,3.14159265359,1.0,614.829689348,0.825601130837
173,2.72428836627,1.0,44.1834376782,1.57079632679,0.475475478979,4.41834376782,1.57079632679,0.238987700193,0.989539539462,3.14159265359,1.0,614.829689348,0.825601130837
174,2.74003569787,1.0,44.1834376782,1.57079632679,0.475475478979,4.41834376782,1.57079632679,0.238987700193,0.989539539462,3.14159265359,1.0,614.829689348,0.825601130837
175,2.75578302946,1.0,44.1834376782,1.57079632679,0.475475478979,4.41834376782,1.57079632679,0.238987700193,0.989539539462,3.14159265359,1.0,614.829689348,0.825601130837
176,2.77153036106,1.0,44.1834376782,1.57079632679,0.475475478979,4.41834376782,1.57079632679,0.238987700193,0.989539539462,3.14159265359,1.0,614.829689348,0.825601130837
177,2.78727769266,1.0,44.1834376782,1.57079632679,0.475475478979,4.41834376782,1.57079632679,0.238987700193,0.989539539462,3.14159265359,1.0,614.829689348,0.825601130837
178,2.80302502426,1.0,44.1834376782,1.57079632679,0.475475478979,4.41834376782,1.57079632679,0.238987700193,0.989539539462,3.14159265359,1.0,614.829689348,0.825601130837
179,2.81877235585,1.0,44.1834376782,1.57079632679,0.475475478979,4.41834376782,1.57079632679,0.238987700193,0.989539539462,3.14159265359,1.0,614.829689348,0.825601130837
180,2.83451968745,1.0,44.1834376782,1.57079632679,0.475475478979,4.41834376782,1.57079632679,0.238987700193,0.989539539462,3.14159265359,1.0,614.829689348,0.825601130837
181,2.85026701905,1.0,44.1834376782,1.57079632679,0.475475478979,4.41834376782,1.57079632679,0.238987700193,0.989539539462,3.14159265359,1.0,614.829689348,0.825601130837
182,2.86601435064,1.0,44.1834376782,1.57079632679,0.475475478979,4.41834376782,1.57079632679,0.238987700193,0.989539539462,3.14159265359,1.0,614.829689348,0.825601130837
183,2.88176168224,1.0,44.1834376782,1.57079632679,0.475475478979,4.41834376782,1.57079632679,0.238987700193,0.989539539462,3.14159265359,1.0,614.829689348,0.825601130837
184,2.89750901384,1.0,44.1834376782,1.57079632679,0.475475478979,4.41834376782,1.57079632679,0.238987700193,0.989539539462,3.14159265359,1.0,614.829689348,0.825601130837
185,2.91325634543,1.0,44.1834376782,1.57079632679,0.475475478979,4.41834376782,1.57079632679,0.238987700193,0.989539539462,3.14159265359,1.0,614.829689348,0.825601130837
186,2.92900367703,1.0,44.1834376782,1.57079632679,0.475475478979,4.41834376782,1.57079632679,0.238987700193,0.989539539462,3.14159265359,1.0,614.829689348,0.825601130837
187,2.94475100863,1.0,44.1834376782,1.57079632679,0.475475478979,4.41834376782,1.57079632679,0.238987700193,0.989539539462,3.14159265359,1.0,614.829689348,0.825601130837
188,2.96049834022,1.0,44.1834376782,1.57079632679,0.475475478979,4.41834376782,1.57079632679,0.238987700193,0.989539539462,3.14159265359,1.0,614.829689348,0.825601130837
189,2.97624567182,1.0,44.1834376782,1.57079632679,0.475475478979,4.41834376782,1.57079632679,0.238987700193,0.989539539462,3.14159265359,1.0,614.829689348,0.825601130837
190,2.99199300342,1.0,44.1834376782,1.57079632679,0.475475478979,4.41834376782,1.57079632679,0.238987700193,0.989539539462,3.14159265359,1.0,614.829689348,0.825601130837
191,3.00774033502,1.0,44.1834376782,1.57079632679,0.475475478979,4.41834376782,1.57079632679,0.238987700193,0.989539539462,3.14159265359,1.0,614.829689348,0.825601130837
192,3.02348766661,1.0,44.1834376782,1.57079632679,0.475475478979,4.41834376782,1.57079632679,0.238987700193,0.989539539462,3.14159265359,1.0,614.829689348,0.825601130837
193,3.03923499821,1.0,44.1834376782,1.57079632679,0.475475478979,4.41834376782,1.57079632679,0.238987700193,0.989539539462,3.14159265359,1.0,614.829689348,0.825601130837
194,3.05498232981,1.0,44.1834376782,1.57079632679,0.475475478979,4.41834376782,1.57079632679,0.238987700193,0.989539539462,3.14159265359,1.0,614.829689348,0.825601130837
195,3.0707296614,1.0,44.1834376782,1.57079632679,0.475475478979,4.41834376782,1.57079632679,0.238987700193,0.989539539462,3.14159265359,1.0,614.829689348,0.825601130837
196,3.086476993,1.0,44.1834376782,1.57079632679,0.475475478979,4.41834376782,1.57079632679,0.238987700193,0.989539539462,3.14159265359,1.0,614.829689348,0.825601130837
197,3.1022243246,1.0,44.1834376782,1.57079632679,0.475475478979,4.41834376782,1.57079632679,0.238987700193,0.989539539462,3.14159265359,1.0,614.829689348,0.825601130837
198,3.11797165619,1.0,44.1834376782,1.57079632679,0.475475478979,4.41834376782,1.57079632679,0.238987700193,0.989539539462,3.14159265359,1.0,614.829689348,0.825601130837
199,3.13371898779,1.0,44.1834376782,1.57079632679,0.475475478979,4.41834376782,1.57079632679,0.238987700193,0.989539539462,3.14159265359,1.0,614.829689348,0.825601130837
200,3.14946631939,1.0,44.1834376782,1.57079632679,0.475475478979,4.41834376782,1.57079632679,0.238987700193,0.989539539462,3.14159265359,1.0,614.829689348,0.825601130837
201,3.16521365099,1.0,44.1834376782,1.57079632679,0.475475478979,4.41834376782,1.57079632679,0.238987700193,0.989539539462,3.14159265359,1.0,614.829689348,0.825601130837
202,3.18096098258,1.0,44.1834376782,1.57079632679,0.475475478979,4.41834376782,1.57079632679,0.238987700193,0.989539539462,3.14159265359,1.0,614.829689348,0.825601130837
203,3.19670831418,1.0,44.1834376782,1.57079632679,0.475475478979,4.41834376782,1.57079632679,0.238987700193,0.989539539462,3.14159265359,1.0,614.829689348,0.825601130837
204,3.21245564578,1.0,44.1834376782,1.57079632679,0.475475478979,4.41834376782,1.57079632679,0.238987700193,0.989539539462,3.14159265359,1.0,614.829689348,0.825601130837
205,3.22820297737,1.0,44.1834376782,1.57079632679,0.475475478979,4.41834376782,1.57079632679,0.238987700193,0.989539539462,3.14159265359,1.0,614.829689348,0.825601130837
206,3.24395030897,1.0,44.1834376782,1.57079632679,0.475475478979,4.41834376782,1.57079632679,0.238987700193,0.989539539462,3.14159265359,1.0,614.829689348,0.825601130837
207,3.25969764057,1.0,44.1834376782,1.57079632679,0.475475478979,4.41834376782,1.57079632679,0.238987700193,0.989539539462,3.14159265359,1.0,614.829689348,0.825601130837
208,3.27544497216,1.0,44.1834376782,1.57079632679,0.475475478979,4.41834376782,1.57079632679,0.238987700193,0.989539539462,3.14159265359,1.0,614.829689348,0.825601130837
209,3.29119230376,1.0,44.1834376782,1.57079632679,0.475475478979,4.41834376782,1.57079632679,0.238987700193,0.989539539462,3.14159265359,1.0,614.829689348,0.825601130837
210,3.30693963536,1.0,44.1834376782,1.57079632679,0.475475478979,4.41834376782,1.57079632679,0.238987700193,0.989539539462,3.14159265359,1.0,614.829689348,0.825601130837
211,3.32268696695,1.0,44.1834376782,1.57079632679,0.475475478979,4.41834376782,1.57079632679,0.238987700193,0.989539539462,3.14159265359,1.0,614.829689348,0.825601130837
212,3.33843429855,1.0,44.1834376782,1.57079632679,0.475475478979,4.41834376782,1.57079632679,0.238987700193,0.989539539462,3.14159265359,1.0,614.829689348,0.825601130837
213,3.35418163015,1.0,44.1834376782,1.57079632679,0.475475478979,4.41834376782,1.57079632679,0.238987700193,0.989539539462,3.14159265359,1.0,614.829689348,0.825601130837
214,3.36992896175,1.0,44.1834376782,1.57079632679,0.475475478979,4.41834376782,1.57079632679,0.238987700193,0.989539539462,3.14159265359,1.0,614.829689348,0.825601130837
215,3.38567629334,1.0,44.1834376782,1.57079632679,0.475475478979,4.41834376782,1.57079632679,0.238987700193,0.989539539462,3.14159265359,1.0,614.829689348,0.825601130837
216,3.40142362494,1.0,44.1834376782,1.57079632679,0.475475478979,4.41834376782,1.57079632679,0.238987700193,0.989539539462,3.14159265359,1.0,614.829689348,0.825601130837
217,3.41717095654,1.0,44.1834376782,1.57079632679,0.475475478979,4.41834376782,1.57079632679,0.238987700193,0.989539539462,3.14159265359,1.0,614.829689348,0.825601130837
218,3.43291828813,1.0,44.1834376782,1.57079632679,0.475475478979,4.41834376782,1.57079632679,0.238987700193,0.989539539462,3.14159265359,1.0,614.829689348,0.825601130837
219,3.44866561973,1.0,44.1834376782,1.57079632679,0.475475478979,4.41834376782,1.57079632679,0.238987700193,0.989539539462,3.14159265359,1.0,614.829689348,0.825601130837
220,3.46441295133,1.0,44.1834376782,1.57079632679,0.475475478979,4.41834376782,1.57079632679,0.238987700193,0.989539539462,3.14159265359,1.0,614.829689348,0.825601130837
221,3.48016028292,1.0,44.1834376782,1.57079632679,0.475475478979,4.41834376782,1.57079632679,0.238987700193,0.989539539462,3.14159265359,1.0,614.829689348,0.825601130837
222,3.49590761452,1.0,44.1834376782,1.57079632679,0.475475478979,4.41834376782,1.57079632679,0.238987700193,0.989539539462,3.14159265359,1.0,614.829689348,0.825601130837
223,3.51165494612,1.0,44.1834376782,1.57079632679,0.475475478979,4.41834376782,1.57079632679,0.238987700193,0.989539539462,3.14159265359,1.0,614.829689348,0.825601130837
224,3.52740227771,1.0,44.1834376782,1.57079632679,0.475475478979,4.41834376782,1.57079632679,0.238987700193,0.989539539462,3.14159265359,1.0,614.829689348,0.825601130837
225,3.54314960931,1.0,44.1834376782,1.57079632679,0.475475478979,4.41834376782,1.57079632679,0.238987700193,0.989539539462,3.14159265359,1.0,614.829689348,0.825601130837
226,3.55889694091,1.0,44.1834376782,1.57079632679,0.475475478979,4.41834376782,1.57079632679,0.238987700193,0.989539539462,3.14159265359,1.0,614.829689348,0.825601130837
227,3.57464427251,1.0,44.1834376782,1.57079632679,0.475475478979,4.41834376782,1.57079632679,0.238987700193,0.989539539462,3.14159265359,1.0,614.829689348,0.825601130837
228,3.5903916041,1.0,44.1834376782,1.57079632679,0.475475478979,4.41834376782,1.57079632679,0.238987700193,0.989539539462,3.14159265359,1.0,614.829689348,0.825601130837
229,3.6061389357,1.0,44.1834376782,1.57079632679,0.475475478979,4.41834376782,1.57079632679,0.238987700193,0.989539539462,3.14159265359,1.0,614.829689348,0.825601130837
230,3.6218862673,1.0,44.1834376782,1.57079632679,0.475475478979,4.41834376782,1.57079632679,0.238987700193,0.989539539462,3.14159265359,1.0,614.829689348,0.825601130837
231,3.63763359889,1.0,44.1834376782,1.57079632679,0.475475478979,4.41834376782,1.57079632679,0.238987700193,0.989539539462,3.14159265359,1.0,614.829689348,0.825601130837
232,3.65338093049,1.0,44.1834376782,1.57079632679,0.475475478979,4.41834376782,1.57079632679,0.238987700193,0.989539539462,3.14159265359,1.0,614.829689348,0.825601130837
233,3.66912826209,1.0,44.1834376782,1.57079632679,0.475475478979,4.41834376782,1.57079632679,0.238987700193,0.989539539462,3.14159265359,1.0,614.829689348,0.825601130837
234,3.68487559368,1.0,44.1834376782,1.57079632679,0.475475478979,4.41834376782,1.57079632679,0.238987700193,0.989539539462,3.14159265359,1.0,614.829689348,0.825601130837
235,3.70062292528,1.0,44.1834376782,1.57079632679,0.475475478979,4.41834376782,1.57079632679,0.238987700193,0.989539539462,3.14159265359,1.0,614.829689348,0.825601130837
236,3.71637025688,1.0,44.1834376782,1.57079632679,0.475475478979,4.41834376782,1.57079632679,0.238987700193,0.989539539462,3.14159265359,1.0,614.829689348,0.825601130837
237,3.73211758848,1.0,44.1834376782,1.57079632679,0.475475478979,4.41834376782,1.57079632679,0.238987700193,0.989539539462,3.14159265359,1.0,614.829689348,0.825601130837
238,3.74786492007,1.0,44.1834376782,1.57079632679,0.475475478979,4.41834376782,1.57079632679,0.238987700193,0.989539539462,3.14159265359,1.0,614.829689348,0.825601130837
239,3.76361225167,1.0,44.1834376782,1.57079632679,0.475475478979,4.41834376782,1.57079632679,0.238987700193,0.989539539462,3.14159265359,1.0,614.829689348,0.825601130837
240,3.77935958327,1.0,44.1834376782,1.57079632679,0.475475478979,4.41834376782,1.57079632679,0.238987700193,0.989539539462,3.14159265359,1.0,614.829689348,0.825601130837
241,3.79510691486,1.0,44.1834376782,1.57079632679,0.475475478979,4.41834376782,1.57079632679,0.238987700193,0.989539539462,3.14159265359,1.0,614.829689348,0.825601130837
242,3.81085424646,1.0,44.1834376782,1.57079632679,0.475475478979,4.41834376782,1.57079632679,0.238987700193,0.989539539462,3.14159265359,1.0,614.829689348,0.825601130837
243,3.82660157806,1.0,44.1834376782,1.57079632679,0.475475478979,4.41834376782,1.57079632679,0.238987700193,0.989539539462,3.14159265359,1.0,614.829689348,0.825601130837
244,3.84234890965,1.0,44.1834376782,1.57079632679,0.475475478979,4.41834376782,1.57079632679,0.238987700193,0.989539539462,3.14159265359,1.0,614.829689348,0.825601130837
245,3.85809624125,1.0,44.1834376782,1.57079632679,0.475475478979,4.41834376782,1.57079632679,0.238987700193,0.989539539462,3.14159265359,1.0,614.829689348,0.825601130837
246,3.87384357285,1.0,44.1834376782,1.57079632679,0.475475478979,4.41834376782,1.57079632679,0.238987700193,0.989539539462,3.14159265359,1.0,614.829689348,0.825601130837
247,3.88959090444,1.0,44.1834376782,1.57079632679,0.475475478979,4.41834376782,1.57079632679,0.238987700193,0.989539539462,3.14159265359,1.0,614.829689348,0.825601130837
248,3.90533823604,1.0,44.1834376782,1.57079632679,0.475475478979,4.41834376782,1.57079632679,0.238987700193,0.989539539462,3.14159265359,1.0,614.829689348,0.825601130837
249,3.92108556764,1.0,44.1834376782,1.57079632679,0.475475478979,4.41834376782,1.57079632679,0.238987700193,0.989539539462,3.14159265359,1.0,614.829689348,0.825601130837
250,3.93683289924,1.0,44.1834376782,1.57079632679,0.475475478979,4.41834376782,1.57079632679,0.238987700193,0.989539539462,3.14159265359,1.0,614.829689348,0.825601130837
251,3.95258023083,1.0,44.1834376782,1.57079632679,0.475475478979,4.41834376782,1.57079632679,0.238987700193,0.989539539462,3.14159265359,1.0,614.829689348,0.825601130837
252,3.96832756243,1.0,44.1834376782,1.57079632679,0.475475478979,4.41834376782,1.57079632679,0.238987700193,0.989539539462,3.14159265359,1.0,614.829689348,0.825601130837
253,3.98407489403,1.0,44.1834376782,1.57079632679,0.475475478979,4.41834376782,1.57079632679,0.238987700193,0.989539539462,3.14159265359,1.0,614.829689348,0.825601130837
254,3.99982222562,1.0,44.1834376782,1.57079632679,0.475475478979,4.41834376782,1.57079632679,0.238987700193,0.989539539462,3.14159265359,1.0,614.829689348,0.825601130837
255,4.01556955722,1.0,44.1834376782,1.57079632679,0.475475478979,4.41834376782,1.57079632679,0.238987700193,0.989539539462,3.14159265359,1.0,614.829689348,0.825601130837
256,4.03131688882,1.0,44.1834376782,1.57079632679,0.475475478979,4.41834376782,1.57079632679,0.238987700193,0.989539539462,3.14159265359,1.0,614.829689348,0.825601130837
257,4.04706422041,1.0,44.1834376782,1.57079632679,0.475475478979,4.41834376782,1.57079632679,0.238987700193,0.989539539462,3.14159265359,1.0,614.829689348,0.825601130837
258,4.06281155201,1.0,44.1834376782,1.57079632679,0.475475478979,4.41834376782,1.57079632679,0.238987700193,0.989539539462,3.14159265359,1.0,614.829689348,0.825601130837
259,4.07855888361,1.0,44.1834376782,1.57079632679,0.475475478979,4.41834376782,1.57079632679,0.238987700193,0.989539539462,3.14159265359,1.0,614.829689348,0.825601130837
260,4.0943062152,1.0,44.1834376782,1.57079632679,0.475475478979,4.41834376782,1.57079632679,0.238987700193,0.989539539462,3.14159265359,1.0,614.829689348,0.825601130837
261,4.1100535468,1.0,44.1834376782,1.57079632679,0.475475478979,4.41834376782,1.57079632679,0.238987700193,0.989539539462,3.14159265359,1.0,614.829689348,0.825601130837
262,4.1258008784,1.0,44.1834376782,1.57079632679,0.475475478979,4.41834376782,1.57079632679,0.238987700193,0.989539539462,3.14159265359,1.0,614.829689348,0.825601130837
263,4.14154821,1.0,44.1834376782,1.57079632679,0.475475478979,4.41834376782,1.57079632679,0.238987700193,0.989539539462,3.14159265359,1.0,614.829689348,0.825601130837
264,4.15729554159,1.0,44.1834376782,1.57079632679,0.475475478979,4.41834376782,1.57079632679,0.238987700193,0.989539539462,3.14159265359,1.0,614.829689348,0.825601130837
265,4.17304287319,1.0,44.1834376782,1.57079632679,0.475475478979,4.41834376782,1.57079632679,0.238987700193,0.989539539462,3.14159265359,1.0,614.829689348,0.825601130837
266,4.18879020479,1.0,44.1834376782,1.57079632679,0.475475478979,4.41834376782,1.57079632679,0.238987700193,0.989539539462,3.14159265359,1.0,614.829689348,0.825601130837
267,4.20453753638,1.0,44.1834376782,1.57079632679,0.475475478979,4.41834376782,1.57079632679,0.238987700193,0.989539539462,3.14159265359,1.0,614.829689348,0.825601130837
268,4.22028486798,1.0,44.1834376782,1.57079632679,0.475475478979,4.41834376782,1.57079632679,0.238987700193,0.989539539462,3.14159265359,1.0,614.829689348,0.825601130837
269,4.23603219958,1.0,44.1834376782,1.57079632679,0.475475478979,4.41834376782,1.57079632679,0.238987700193,0.989539539462,3.14159265359,1.0,614.829689348,0.825601130837
270,4.25177953117,1.0,44.1834376782,1.57079632679,0.475475478979,4.41834376782,1.57079632679,0.238987700193,0.989539539462,3.14159265359,1.0,614.829689348,0.825601130837
271,4.26752686277,1.0,44.1834376782,1.57079632679,0.475475478979,4.41834376782,1.57079632679,0.238987700193,0.989539539462,3.14159265359,1.0,614.829689348,0.825601130837
272,4.28327419437,1.0,44.1834376782,1.57079632679,0.475475478979,4.41834376782,1.57079632679,0.238987700193,0.989539539462,3.14159265359,1.0,614.829689348,0.825601130837
273,4.29902152596,1.0,44.1834376782,1.57079632679,0.475475478979,4.41834376782,1.57079632679,0.238987700193,0.989539539462,3.14159265359,1.0,614.829689348,0.825601130837
274,4.31476885756,1.0,44.1834376782,1.57079632679,0.475475478979,4.41834376782,1.57079632679,0.238987700193,0.989539539462,3.14159265359,1.0,614.829689348,0.825601130837
275,4.33051618916,1.0,44.1834376782,1.57079632679,0.475475478979,4.41834376782,1.57079632679,0.238987700193,0.989539539462,3.14159265359,1.0,614.829689348,0.825601130837
276,4.34626352076,1.0,44.1834376782,1.57079632679,0.475475478979,4.41834376782,1.57079632679,0.238987700193,0.989539539462,3.14159265359,1.0,614.829689348,0.825601130837
277,4.36201085235,1.0,44.1834376782,1.57079632679,0.475475478979,4.41834376782,1.57079632679,0.238987700193,0.989539539462,3.14159265359,1.0,614.829689348,0.825601130837
278,4.37775818395,1.0,44.1834376782,1.57079632679,0.475475478979,4.41834376782,1.57079632679,0.238987700193,0.989539539462,3.14159265359,1.0,614.829689348,0.825601130837
279,4.39350551555,1.0,44.1834376782,1.57079632679,0.475475478979,4.41834376782,1.57079632679,0.238987700193,0.989539539462,3.14159265359,1.0,614.829689348,0.825601130837
280,4.40925284714,1.0,44.1834376782,1.57079632679,0.475475478979,4.41834376782,1.57079632679,0.238987700193,0.989539539462,3.14159265359,1.0,614.829689348,0.825601130837
281,4.42500017874,1.0,44.1834376782,1.57079632679,0.475475478979,4.41834376782,1.57079632679,0.238987700193,0.989539539462,3.14159265359,1.0,614.829689348,0.825601130837
282,4.44074751034,1.0,44.1834376782,1.57079632679,0.475475478979,4.41834376782,1.57079632679,0.238987700193,0.989539539462,3.14159265359,1.0,614.829689348,0.825601130837
283,4.45649484193,1.0,44.1834376782,1.57079632679,0.475475478979,4.41834376782,1.57079632679,0.238987700193,0.989539539462,3.14159265359,1.0,614.829689348,0.825601130837
284,4.47224217353,1.0,44.1834376782,1.57079632679,0.475475478979,4.41834376782,1.57079632679,0.238987700193,0.989539539462,3.14159265359,1.0,614.829689348,0.825601130837
285,4.48798950513,1.0,44.1834376782,1.57079632679,0.475475478979,4.41834376782,1.57079632679,0.238987700193,0.989539539462,3.14159265359,1.0,614.829689348,0.825601130837
286,4.50373683673,1.0,44.1834376782,1.57079632679,0.475475478979,4.41834376782,1.57079632679,0.238987700193,0.989539539462,3.14159265359,1.0,614.829689348,0.825601130837
287,4.51948416832,1.0,44.1834376782,1.57079632679,0.475475478979,4.41834376782,1.57079632679,0.238987700193,0.989539539462,3.14159265359,1.0,614.829689348,0.825601130837
288,4.53523149992,1.0,44.1834376782,1.57079632679,0.475475478979,4.41834376782,1.57079632679,0.238987700193,0.989539539462,3.14159265359,1.0,614.829689348,0.825601130837
289,4.55097883152,1.0,44.1834376782,1.57079632679,0.475475478979,4.41834376782,1.57079632679,0.238987700193,0.989539539462,3.14159265359,1.0,614.829689348,0.825601130837
290,4.56672616311,1.0,44.1834376782,1.57079632679,0.475475478979,4.41834376782,1.57079632679,0.238987700193,0.989539539462,3.14159265359,1.0,614.829689348,0.825601130837
291,4.58247349471,1.0,44.1834376782,1.57079632679,0.475475478979,4.41834376782,1.57079632679,0.238987700193,0.989539539462,3.14159265359,1.0,614.829689348,0.825601130837
292,4.59822082631,1.0,44.1834376782,1.57079632679,0.475475478979,4.41834376782,1.57079632679,0.238987700193,0.989539539462,3.14159265359,1.0,614.829689348,0.825601130837
293,4.6139681579,1.0,44.1834376782,1.57079632679,0.475475478979,4.41834376782,1.57079632679,0.238987700193,0.989539539462,3.14159265359,1.0,614.829689348,0.825601130837
294,4.6297154895,1.0,44.1834376782,1.57079632679,0.475475478979,4.41834376782,1.57079632679,0.238987700193,0.989539539462,3.14159265359,1.0,614.829689348,0.825601130837
295,4.6454628211,1.0,44.1834376782,1.57079632679,0.475475478979,4.41834376782,1.57079632679,0.238987700193,0.989539539462,3.14159265359,1.0,614.829689348,0.825601130837
296,4.66121015269,1.0,44.1834376782,1.57079632679,0.475475478979,4.41834376782,1.57079632679,0.238987700193,0.989539539462,3.14159265359,1.0,614.829689348,0.825601130837
297,4.67695748429,1.0,44.1834376782,1.57079632679,0.475475478979,4.41834376782,1.57079632679,0.238987700193,0.989539539462,3.14159265359,1.0,614.829689348,0.825601130837
298,4.69270481589,1.0,44.1834376782,1.57079632679,0.475475478979,4.41834376782,1.57079632679,0.238987700193,0.989539539462,3.14159265359,1.0,614.829689348,0.825601130837
299,4.70845214749,1.0,44.1834376782,1.57079632679,0.475475478979,4.41834376782,1.57079632679,0.238987700193,0.989539539462,3.14159265359,1.0,614.829689348,0.825601130837
300,4.72419947908,1.0,44.1834376782,1.57079632679,0.475475478979,4.41834376782,1.57079632679,0.238987700193,0.989539539462,3.14159265359,1.0,614.829689348,0.825601130837
301,4.73994681068,1.0,44.1834376782,1.57079632679,0.475475478979,4.41834376782,1.57079632679,0.238987700193,0.989539539462,3.14159265359,1.0,614.829689348,0.825601130837
302,4.75569414228,1.0,44.1834376782,1.57079632679,0.475475478979,4.41834376782,1.57079632679,0.238987700193,0.989539539462,3.14159265359,1.0,614.829689348,0.825601130837
303,4.77144147387,1.0,44.1834376782,1.57079632679,0.475475478979,4.41834376782,1.57079632679,0.238987700193,0.989539539462,3.14159265359,1.0,614.829689348,0.825601130837
304,4.78718880547,1.0,44.1834376782,1.57079632679,0.475475478979,4.41834376782,1.57079632679,0.238987700193,0.989539539462,3.14159265359,1.0,614.829689348,0.825601130837
305,4.80293613707,1.0,44.1834376782,1.57079632679,0.475475478979,4.41834376782,1.57079632679,0.238987700193,0.989539539462,3.14159265359,1.0,614.829689348,0.825601130837
306,4.81868346866,1.0,44.1834376782,1.57079632679,0.475475478979,4.41834376782,1.57079632679,0.238987700193,0.989539539462,3.14159265359,1.0,614.829689348,0.825601130837
307,4.83443080026,1.0,44.1834376782,1.57079632679,0.475475478979,4.41834376782,1.57079632679,0.238987700193,0.989539539462,3.14159265359,1.0,614.829689348,0.825601130837
308,4.85017813186,1.0,44.1834376782,1.57079632679,0.475475478979,4.41834376782,1.57079632679,0.238987700193,0.989539539462,3.14159265359,1.0,614.829689348,0.825601130837
309,4.86592546345,1.0,44.1834376782,1.57079632679,0.475475478979,4.41834376782,1.57079632679,0.238987700193,0.989539539462,3.14159265359,1.0,614.829689348,0.825601130837
310,4.88167279505,1.0,44.1834376782,1.57079632679,0.475475478979,4.41834376782,1.57079632679,0.238987700193,0.989539539462,3.14159265359,1.0,614.829689348,0.825601130837
311,4.89742012665,1.0,44.1834376782,1.57079632679,0.475475478979,4.41834376782,1.57079632679,0.238987700193,0.989539539462,3.14159265359,1.0,614.829689348,0.825601130837
312,4.91316745825,1.0,44.1834376782,1.57079632679,0.475475478979,4.41834376782,1.57079632679,0.238987700193,0.989539539462,3.14159265359,1.0,614.829689348,0.825601130837
313,4.92891478984,1.0,44.1834376782,1.57079632679,0.475475478979,4.41834376782,1.57079632679,0.238987700193,0.989539539462,3.14159265359,1.0,614.829689348,0.825601130837
314,4.94466212144,1.0,44.1834376782,1.57079632679,0.475475478979,4.41834376782,1.57079632679,0.238987700193,0.989539539462,3.14159265359,1.0,614.829689348,0.825601130837
315,4.96040945304,1.0,44.1834376782,1.57079632679,0.475475478979,4.41834376782,1.57079632679,0.238987700193,0.989539539462,3.14159265359,1.0,614.829689348,0.825601130837
316,4.97615678463,1.0,44.1834376782,1.57079632679,0.475475478979,4.41834376782,1.57079632679,0.238987700193,0.989539539462,3.14159265359,1.0,614.829689348,0.825601130837
317,4.99190411623,1.0,44.1834376782,1.57079632679,0.475475478979,4.41834376782,1.57079632679,0.238987700193,0.989539539462,3.14159265359,1.0,614.829689348,0.825601130837
318,5.00765144783,1.0,44.1834376782,1.57079632679,0.475475478979,4.41834376782,1.57079632679,0.238987700193,0.989539539462,3.14159265359,1.0,614.829689348,0.825601130837
319,5.02339877942,1.0,44.1834376782,1.57079632679,0.475475478979,4.41834376782,1.57079632679,0.238987700193,0.989539539462,3.14159265359,1.0,614.829689348,0.825601130837
320,5.03914611102,1.0,44.1834376782,1.57079632679,0.475475478979,4.41834376782,1.57079632679,0.238987700193,0.989539539462,3.14159265359,1.0,614.829689348,0.825601130837
321,5.05489344262,1.0,44.1834376782,1.57079632679,0.475475478979,4.41834376782,1.57079632679,0.238987700193,0.989539539462,3.14159265359,1.0,614.829689348,0.825601130837
322,5.07064077422,1.0,44.1834376782,1.57079632679,0.475475478979,4.41834376782,1.57079632679,0.238987700193,0.989539539462,3.14159265359,1.0,614.829689348,0.825601130837
323,5.08638810581,1.0,44.1834376782,1.57079632679,0.475475478979,4.41834376782,1.57079632679,0.238987700193,0.989539539462,3.14159265359,1.0,614.829689348,0.825601130837
324,5.10213543741,1.0,44.1834376782,1.57079632679,0.475475478979,4.41834376782,1.57079632679,0.238987700193,0.989539539462,3.14159265359,1.0,614.829689348,0.825601130837
325,5.11788276901,1.0,44.1834376782,1.57079632679,0.475475478979,4.41834376782,1.57079632679,0.238987700193,0.989539539462,3.14159265359,1.0,614.829689348,0.825601130837
326,5.1336301006,1.0,44.1834376782,1.57079632679,0.475475478979,4.41834376782,1.57079632679,0.238987700193,0.989539539462,3.14159265359,1.0,614.829689348,0.825601130837
327,5.1493774322,1.0,44.1834376782,1.57079632679,0.475475478979,4.41834376782,1.57079632679,0.238987700193,0.989539539462,3.14159265359,1.0,614.829689348,0.825601130837
328,5.1651247638,1.0,44.1834376782,1.57079632679,0.475475478979,4.41834376782,1.57079632679,0.238987700193,0.989539539462,3.14159265359,1.0,614.829689348,0.825601130837
329,5.18087209539,1.0,44.1834376782,1.57079632679,0.475475478979,4.41834376782,1.57079632679,0.238987700193,0.989539539462,3.14159265359,1.0,614.829689348,0.825601130837
330,5.19661942699,1.0,44.1834376782,1.57079632679,0.475475478979,4.41834376782,1.57079632679,0.238987700193,0.989539539462,3.14159265359,1.0,614.829689348,0.825601130837
331,5.21236675859,1.0,44.1834376782,1.57079632679,0.475475478979,4.41834376782,1.57079632679,0.238987700193,0.989539539462,3.14159265359,1.0,614.829689348,0.825601130837
332,5.22811409018,1.0,44.1834376782,1.57079632679,0.475475478979,4.41834376782,1.57079632679,0.238987700193,0.989539539462,3.14159265359,1.0,614.829689348,0.825601130837
333,5.24386142178,1.0,44.1834376782,1.57079632679,0.475475478979,4.41834376782,1.57079632679,0.238987700193,0.989539539462,3.14159265359,1.0,614.829689348,0.825601130837
334,5.25960875338,1.0,44.1834376782,1.57079632679,0.475475478979,4.41834376782,1.57079632679,0.238987700193,0.989539539462,3.14159265359,1.0,614.829689348,0.825601130837
335,5.27535608498,1.0,44.1834376782,1.57079632679,0.475475478979,4.41834376782,1.57079632679,0.238987700193,0.989539539462,3.14159265359,1.0,614.829689348,0.825601130837
336,5.29110341657,1.0,44.1834376782,1.57079632679,0.475475478979,4.41834376782,1.57079632679,0.238987700193,0.989539539462,3.14159265359,1.0,614.829689348,0.825601130837
337,5.30685074817,1.0,44.1834376782,1.57079632679,0.475475478979,4.41834376782,1.57079632679,0.238987700193,0.989539539462,3.14159265359,1.0,614.829689348,0.825601130837
338,5.32259807977,1.0,44.1834376782,1.57079632679,0.475475478979,4.41834376782,1.57079632679,0.238987700193,0.989539539462,3.14159265359,1.0,614.829689348,0.825601130837
339,5.33834541136,1.0,44.1834376782,1.57079632679,0.475475478979,4.41834376782,1.57079632679,0.238987700193,0.989539539462,3.14159265359,1.0,614.829689348,0.825601130837
340,5.35409274296,1.0,44.1834376782,1.57079632679,0.475475478979,4.41834376782,1.57079632679,0.238987700193,0.989539539462,3.14159265359,1.0,614.829689348,0.825601130837
341,5.36984007456,1.0,44.1834376782,1.57079632679,0.475475478979,4.41834376782,1.57079632679,0.238987700193,0.989539539462,3.14159265359,1.0,614.829689348,0.825601130837
342,5.38558740615,1.0,44.1834376782,1.57079632679,0.475475478979,4.41834376782,1.57079632679,0.238987700193,0.989539539462,3.14159265359,1.0,614.829689348,0.825601130837
343,5.40133473775,1.0,44.1834376782,1.57079632679,0.475475478979,4.41834376782,1.57079632679,0.238987700193,0.989539539462,3.14159265359,1.0,614.829689348,0.825601130837
344,5.41708206935,1.0,44.1834376782,1.57079632679,0.475475478979,4.41834376782,1.57079632679,0.238987700193,0.989539539462,3.14159265359,1.0,614.829689348,0.825601130837
345,5.43282940094,1.0,44.1834376782,1.57079632679,0.475475478979,4.41834376782,1.57079632679,0.238987700193,0.989539539462,3.14159265359,1.0,614.829689348,0.825601130837
346,5.44857673254,1.0,44.1834376782,1.57079632679,0.475475478979,4.41834376782,1.57079632679,0.238987700193,0.989539539462,3.14159265359,1.0,614.829689348,0.825601130837
347,5.46432406414,1.0,44.1834376782,1.57079632679,0.475475478979,4.41834376782,1.57079632679,0.238987700193,0.989539539462,3.14159265359,1.0,614.829689348,0.825601130837
348,5.48007139574,1.0,44.1834376782,1.57079632679,0.475475478979,4.41834376782,1.57079632679,0.238987700193,0.989539539462,3.14159265359,1.0,614.829689348,0.825601130837
349,5.49581872733,1.0,44.1834376782,1.57079632679,0.475475478979,4.41834376782,1.57079632679,0.238987700193,0.989539539462,3.14159265359,1.0,614.829689348,0.825601130837
350,5.51156605893,1.0,44.1834376782,1.57079632679,0.475475478979,4.41834376782,1.57079632679,0.238987700193,0.989539539462,3.14159265359,1.0,614.829689348,0.825601130837
351,5.52731339053,1.0,44.1834376782,1.57079632679,0.475475478979,4.41834376782,1.57079632679,0.238987700193,0.989539539462,3.14159265359,1.0,614.829689348,0.825601130837
352,5.54306072212,1.0,44.1834376782,1.57079632679,0.475475478979,4.41834376782,1.57079632679,0.238987700193,0.989539539462,3.14159265359,1.0,614.829689348,0.825601130837
353,5.55880805372,1.0,44.1834376782,1.57079632679,0.475475478979,4.41834376782,1.57079632679,0.238987700193,0.989539539462,3.14159265359,1.0,614.829689348,0.825601130837
354,5.57455538532,1.0,44.1834376782,1.57079632679,0.475475478979,4.41834376782,1.57079632679,0.238987700193,0.989539539462,3.14159265359,1.0,614.829689348,0.825601130837
355,5.59030271691,1.0,44.1834376782,1.57079632679,0.475475478979,4.41834376782,1.57079632679,0.238987700193,0.989539539462,3.14159265359,1.0,614.829689348,0.825601130837
356,5.60605004851,1.0,44.1834376782,1.57079632679,0.475475478979,4.41834376782,1.57079632679,0.238987700193,0.989539539462,3.14159265359,1.0,614.829689348,0.825601130837
357,5.62179738011,1.0,44.1834376782,1.57079632679,0.475475478979,4.41834376782,1.57079632679,0.238987700193,0.989539539462,3.14159265359,1.0,614.829689348,0.825601130837
358,5.6375447117,1.0,44.1834376782,1.57079632679,0.475475478979,4.41834376782,1.57079632679,0.238987700193,0.989539539462,3.14159265359,1.0,614.829689348,0.825601130837
359,5.6532920433,1.0,44.1834376782,1.57079632679,0.475475478979,4.41834376782,1.57079632679,0.238987700193,0.989539539462,3.14159265359,1.0,614.829689348,0.825601130837
360,5.6690393749,1.0,44.1834376782,1.57079632679,0.475475478979,4.41834376782,1.57079632679,0.238987700193,0.989539539462,3.14159265359,1.0,614.829689348,0.825601130837
361,5.6847867065,1.0,44.1834376782,1.57079632679,0.475475478979,4.41834376782,1.57079632679,0.238987700193,0.989539539462,3.14159265359,1.0,614.829689348,0.825601130837
362,5.70053403809,1.0,44.1834376782,1.57079632679,0.475475478979,4.41834376782,1.57079632679,0.238987700193,0.989539539462,3.14159265359,1.0,614.829689348,0.825601130837
363,5.71628136969,1.0,44.1834376782,1.57079632679,0.475475478979,4.41834376782,1.57079632679,0.238987700193,0.989539539462,3.14159265359,1.0,614.829689348,0.825601130837
364,5.73202870129,1.0,44.1834376782,1.57079632679,0.475475478979,4.41834376782,1.57079632679,0.238987700193,0.989539539462,3.14159265359,1.0,614.829689348,0.825601130837
365,5.74777603288,1.0,44.1834376782,1.57079632679,0.475475478979,4.41834376782,1.57079632679,0.238987700193,0.989539539462,3.14159265359,1.0,614.829689348,0.825601130837
366,5.76352336448,1.0,44.1834376782,1.57079632679,0.475475478979,4.41834376782,1.57079632679,0.238987700193,0.989539539462,3.14159265359,1.0,614.829689348,0.825601130837
367,5.77927069608,1.0,44.1834376782,1.57079632679,0.475475478979,4.41834376782,1.57079632679,0.238987700193,0.989539539462,3.14159265359,1.0,614.829689348,0.825601130837
368,5.79501802767,1.0,44.1834376782,1.57079632679,0.475475478979,4.41834376782,1.57079632679,0.238987700193,0.989539539462,3.14159265359,1.0,614.829689348,0.825601130837
369,5.81076535927,1.0,44.1834376782,1.57079632679,0.475475478979,4.41834376782,1.57079632679,0.238987700193,0.989539539462,3.14159265359,1.0,614.829689348,0.825601130837
370,5.82651269087,1.0,44.1834376782,1.57079632679,0.475475478979,4.41834376782,1.57079632679,0.238987700193,0.989539539462,3.14159265359,1.0,614.829689348,0.825601130837
371,5.84226002247,1.0,44.1834376782,1.57079632679,0.475475478979,4.41834376782,1.57079632679,0.238987700193,0.989539539462,3.14159265359,1.0,614.829689348,0.825601130837
372,5.85800735406,1.0,44.1834376782,1.57079632679,0.475475478979,4.41834376782,1.57079632679,0.238987700193,0.989539539462,3.14159265359,1.0,614.829689348,0.825601130837
373,5.87375468566,1.0,44.1834376782,1.57079632679,0.475475478979,4.41834376782,1.57079632679,0.238987700193,0.989539539462,3.14159265359,1.0,614.829689348,0.825601130837
374,5.88950201726,1.0,44.1834376782,1.57079632679,0.475475478979,4.41834376782,1.57079632679,0.238987700193,0.989539539462,3.14159265359,1.0,614.829689348,0.825601130837
375,5.90524934885,1.0,44.1834376782,1.57079632679,0.475475478979,4.41834376782,1.57079632679,0.238987700193,0.989539539462,3.14159265359,1.0,614.829689348,0.825601130837
376,5.92099668045,1.0,44.1834376782,1.57079632679,0.475475478979,4.41834376782,1.57079632679,0.238987700193,0.989539539462,3.14159265359,1.0,614.829689348,0.825601130837
377,5.93674401205,1.0,44.1834376782,1.57079632679,0.475475478979,4.41834376782,1.57079632679,0.238987700193,0.989539539462,3.14159265359,1.0,614.829689348,0.825601130837
378,5.95249134364,1.0,44.1834376782,1.57079632679,0.475475478979,4.41834376782,1.57079632679,0.238987700193,0.989539539462,3.14159265359,1.0,614.829689348,0.825601130837
379,5.96823867524,1.0,44.1834376782,1.57079632679,0.475475478979,4.41834376782,1.57079632679,0.238987700193,0.989539539462,3.14159265359,1.0,614.829689348,0.825601130837
380,5.98398600684,1.0,44.1834376782,1.57079632679,0.475475478979,4.41834376782,1.57079632679,0.238987700193,0.989539539462,3.14159265359,1.0,614.829689348,0.825601130837
381,5.99973333843,1.0,44.1834376782,1.57079632679,0.475475478979,4.41834376782,1.57079632679,0.238987700193,0.989539539462,3.14159265359,1.0,614.829689348,0.825601130837
382,6.01548067003,1.0,44.1834376782,1.57079632679,0.475475478979,4.41834376782,1.57079632679,0.238987700193,0.989539539462,3.14159265359,1.0,614.829689348,0.825601130837
383,6.03122800163,1.0,44.1834376782,1.57079632679,0.475475478979,4.41834376782,1.57079632679,0.238987700193,0.989539539462,3.14159265359,1.0,614.829689348,0.825601130837
384,6.04697533323,1.0,44.1834376782,1.57079632679,0.475475478979,4.41834376782,1.57079632679,0.238987700193,0.989539539462,3.14159265359,1.0,614.829689348,0.825601130837
385,6.06272266482,1.0,44.1834376782,1.57079632679,0.475475478979,4.41834376782,1.57079632679,0.238987700193,0.989539539462,3.14159265359,1.0,614.829689348,0.825601130837
386,6.07846999642,1.0,44.1834376782,1.57079632679,0.475475478979,4.41834376782,1.57079632679,0.238987700193,0.989539539462,3.14159265359,1.0,614.829689348,0.825601130837
387,6.09421732802,1.0,44.1834376782,1.57079632679,0.475475478979,4.41834376782,1.57079632679,0.238987700193,0.989539539462,3.14159265359,1.0,614.829689348,0.825601130837
388,6.10996465961,1.0,44.1834376782,1.57079632679,0.475475478979,4.41834376782,1.57079632679,0.238987700193,0.989539539462,3.14159265359,1.0,614.829689348,0.825601130837
389,6.12571199121,1.0,44.1834376782,1.57079632679,0.475475478979,4.41834376782,1.57079632679,0.238987700193,0.989539539462,3.14159265359,1.0,614.829689348,0.825601130837
390,6.14145932281,1.0,44.1834376782,1.57079632679,0.475475478979,4.41834376782,1.57079632679,0.238987700193,0.989539539462,3.14159265359,1.0,614.829689348,0.825601130837
391,6.1572066544,1.0,44.1834376782,1.57079632679,0.475475478979,4.41834376782,1.57079632679,0.238987700193,0.989539539462,3.14159265359,1.0,614.829689348,0.825601130837
392,6.172953986,1.0,44.1834376782,1.57079632679,0.475475478979,4.41834376782,1.57079632679,0.238987700193,0.989539539462,3.14159265359,1.0,614.829689348,0.825601130837
393,6.1887013176,1.0,44.1834376782,1.57079632679,0.475475478979,4.41834376782,1.57079632679,0.238987700193,0.989539539462,3.14159265359,1.0,614.829689348,0.825601130837
394,6.20444864919,1.0,44.1834376782,1.57079632679,0.475475478979,4.41834376782,1.57079632679,0.238987700193,0.989539539462,3.14159265359,1.0,614.829689348,0.825601130837
395,6.22019598079,1.0,44.1834376782,1.57079632679,0.475475478979,4.41834376782,1.57079632679,0.238987700193,0.989539539462,3.14159265359,1.0,614.829689348,0.825601130837
396,6.23594331239,1.0,44.1834376782,1.57079632679,0.475475478979,4.41834376782,1.57079632679,0.238987700193,0.989539539462,3.14159265359,1.0,614.829689348,0.825601130837
397,6.25169064399,1.0,44.1834376782,1.57079632679,0.475475478979,4.41834376782,1.57079632679,0.238987700193,0.989539539462,3.14159265359,1.0,614.829689348,0.825601130837
398,6.26743797558,1.0,44.1834376782,1.57079632679,0.475475478979,4.41834376782,1.57079632679,0.238987700193,0.989539539462,3.14159265359,1.0,614.829689348,0.825601130837
399,6.28318530718,1.0,44.1834376782,1.57079632679,0.475475478979,4.41834376782,1.57079632679,0.238987700193,0.989539539462,3.14159265359,1.0,614.829689348,0.825601130837
