,time [yr],macc [MSun],mdon [MSun],a [AU],L [kg m2 s-1],v
0,0.0,1.0,1.2,1.3,0.0,0.0
1,0.999231495697,1.00000099923,1.2,1.3,5.56590568437e+38,9.20997478557e-07
2,1.99846299139,1.00000199846,1.2,1.3,1.11318113687e+39,1.84199219625e-06
3,2.99769448709,1.00000299769,1.2,1.3,1.66977170531e+39,2.76298415309e-06
4,3.99692598279,1.00000399693,1.2,1.3,2.22636227375e+39,3.68397334909e-06
5,4.99615747848,1.00000499616,1.2,1.3,2.78295284218e+39,4.60495978426e-06
6,5.99538897418,1.00000599539,1.2,1.3,3.33954341062e+39,5.52594345861e-06
7,6.99462046988,1.00000699462,1.2,1.3,3.89613397906e+39,6.44692437214e-06
8,7.99385196557,1.00000799385,1.2,1.3,4.45272454749e+39,7.36790252488e-06
9,8.99308346127,1.00000899308,1.2,1.3,5.00931511593e+39,8.28887791682e-06
10,9.99231495697,1.00000999231,1.2,1.3,5.56590568437e+39,9.20985054798e-06
11,10.9915464527,1.00001099155,1.2,1.23628,6.12249625281e+39,1.01308204184e-05
12,11.9182191153,1.00001191822,1.2,1.23628,6.62586379671e+39,1.09637213589e-05
13,12.8448917779,1.0000128449,1.2,1.23628,7.12923134061e+39,1.1796619984e-05
14,13.7715644404,1.00001377158,1.2,1.23628,7.63259888452e+39,1.26295162937e-05
15,14.698237103,1.00001469825,1.2,1.23628,8.13596642842e+39,1.34624102878e-05
16,15.6249097656,1.00001562493,1.2,1.23628,8.63933397233e+39,1.42953019666e-05
17,16.5515824282,1.00001655161,1.2,1.23628,9.14270151623e+39,1.51281913299e-05
18,17.4782550908,1.00001747828,1.2,1.23628,9.64606906014e+39,1.59610783778e-05
19,18.4049277534,1.00001840496,1.2,1.23628,1.0149436604e+40,1.67939631103e-05
20,19.331600416,1.00001933164,1.2,1.23628,1.06528041479e+40,1.76268455273e-05
21,20.2582730786,1.00002025831,1.2,1.17569,1.11561716919e+40,1.8459725629e-05
22,21.1176631312,1.0000211177,1.2,1.17569,1.16114062693e+40,1.92129615353e-05
23,21.9770531838,1.00002197709,1.2,1.17569,1.20666408467e+40,1.99661954996e-05
24,22.8364432364,1.00002283648,1.2,1.17569,1.25218754242e+40,2.0719427522e-05
25,23.695833289,1.00002369588,1.2,1.17569,1.29771100016e+40,2.14726576025e-05
26,24.5552233416,1.00002455527,1.2,1.17569,1.3432344579e+40,2.22258857411e-05
27,25.4146133942,1.00002541466,1.2,1.17569,1.38875791565e+40,2.29791119377e-05
28,26.2740034468,1.00002627405,1.2,1.17569,1.43428137339e+40,2.37323361925e-05
29,27.1333934994,1.00002713344,1.2,1.17569,1.47980483113e+40,2.44855585053e-05
30,27.992783552,1.00002799283,1.2,1.11807,1.52532828888e+40,2.52387788763e-05
31,28.7897766824,1.00002878982,1.2,1.11807,1.56649876506e+40,2.59199734021e-05
32,29.5867698127,1.00002958681,1.2,1.11807,1.60766924124e+40,2.66011662992e-05
33,30.3837629431,1.00003038381,1.2,1.11807,1.64883971742e+40,2.72823575677e-05
34,31.1807560735,1.0000311808,1.2,1.11807,1.6900101936e+40,2.79635472075e-05
35,31.9777492039,1.00003197779,1.2,1.11807,1.73118066978e+40,2.86447352186e-05
36,32.7747423342,1.00003277478,1.2,1.11807,1.77235114596e+40,2.93259216011e-05
37,33.5717354646,1.00003357177,1.2,1.11807,1.81352162214e+40,3.00071063549e-05
38,34.368728595,1.00003436877,1.2,1.11807,1.85469209832e+40,3.06882894801e-05
39,35.1657217254,1.00003516576,1.2,1.11807,1.8958625745e+40,3.13694709766e-05
40,35.9627148557,1.00003596275,1.2,1.06327,1.93703305068e+40,3.20506508444e-05
41,36.7018373621,1.00003670188,1.2,1.06327,1.97426682915e+40,3.26666943765e-05
42,37.4409598685,1.000037441,1.2,1.06327,2.01150060762e+40,3.32827365425e-05
43,38.1800823748,1.00003818012,1.2,1.06327,2.0487343861e+40,3.38987773426e-05
44,38.9192048812,1.00003891925,1.2,1.06327,2.08596816457e+40,3.45148167767e-05
45,39.6583273875,1.00003965837,1.2,1.06327,2.12320194304e+40,3.51308548449e-05
46,40.3974498939,1.0000403975,1.2,1.06327,2.16043572151e+40,3.57468915472e-05
47,41.1365724003,1.00004113662,1.2,1.06327,2.19766949998e+40,3.63629268835e-05
48,41.8756949066,1.00004187575,1.2,1.06327,2.23490327846e+40,3.69789608539e-05
49,42.614817413,1.00004261487,1.2,1.01116,2.27213705693e+40,3.75949934583e-05
50,43.3002755052,1.00004330033,1.2,1.01116,2.30581060363e+40,3.81521199034e-05
51,43.9857335974,1.00004398579,1.2,1.01116,2.33948415033e+40,3.87092452028e-05
52,44.6711916897,1.00004467125,1.2,1.01116,2.37315769703e+40,3.92663693566e-05
53,45.3566497819,1.00004535671,1.2,1.01116,2.40683124373e+40,3.98234923648e-05
54,46.0421078741,1.00004604217,1.2,1.01116,2.44050479043e+40,4.03806142274e-05
55,46.7275659664,1.00004672763,1.2,1.01116,2.47417833713e+40,4.09377349443e-05
56,47.4130240586,1.00004741309,1.2,1.01116,2.50785188383e+40,4.14948545157e-05
57,48.0984821508,1.00004809855,1.2,1.01116,2.54152543053e+40,4.20519729414e-05
58,48.783940243,1.000048784,1.2,1.01116,2.57519897723e+40,4.26090902216e-05
59,49.4693983353,1.00004946946,1.1999,0.9616,2.60887252393e+40,4.31662063561e-05
60,50.1050989605,1.00005010516,1.1999,0.9616,2.63932629676e+40,4.36700505263e-05
61,50.7407995858,1.00005074085,1.1999,0.9616,2.6697800696e+40,4.41738937356e-05
62,51.376500211,1.00005137654,1.1999,0.9616,2.70023384244e+40,4.46777359842e-05
63,52.0122008363,1.00005201223,1.1999,0.9616,2.73068761527e+40,4.51815772718e-05
64,52.6479014615,1.00005264792,1.1999,0.9616,2.76114138811e+40,4.56854175987e-05
65,53.2836020868,1.00005328361,1.1999,0.9616,2.79159516095e+40,4.61892569647e-05
66,53.9193027121,1.0000539193,1.1999,0.9616,2.82204893379e+40,4.669309537e-05
67,54.5550033373,1.00005455499,1.1999,0.9616,2.85250270662e+40,4.71969328144e-05
68,55.1907039626,1.00005519069,1.1999,0.91448,2.88295647946e+40,4.77007692979e-05
69,55.7802427769,1.00005578022,1.1999,0.91448,2.91049837347e+40,4.81564288882e-05
70,56.3697815913,1.00005636976,1.1999,0.91448,2.93804026747e+40,4.86120876726e-05
71,56.9593204056,1.0000569593,1.1999,0.91448,2.96558216148e+40,4.90677456511e-05
72,57.5488592199,1.00005754883,1.1999,0.91448,2.99312405549e+40,4.95234028238e-05
73,58.1383980343,1.00005813837,1.1999,0.91448,3.0206659495e+40,4.99790591906e-05
74,58.7279368486,1.00005872791,1.1999,0.91448,3.0482078435e+40,5.04347147516e-05
75,59.317475663,1.00005931744,1.1999,0.91448,3.07574973751e+40,5.08903695068e-05
76,59.9070144773,1.00005990698,1.1999,0.91448,3.10329163152e+40,5.13460234561e-05
77,60.4965532917,1.00006049652,1.1999,0.91448,3.13083352552e+40,5.18016765996e-05
78,61.086092106,1.00006108606,1.1999,0.86966,3.15837541953e+40,5.22573289372e-05
79,61.6328251573,1.00006163279,1.1999,0.86966,3.18328388221e+40,5.26694120938e-05
80,62.1795582086,1.00006217952,1.1999,0.86966,3.2081923449e+40,5.30814945745e-05
81,62.7262912599,1.00006272626,1.1999,0.86966,3.23310080758e+40,5.34935763793e-05
82,63.2730243111,1.00006327299,1.1999,0.86966,3.25800927027e+40,5.39056575082e-05
83,63.8197573624,1.00006381973,1.1999,0.86966,3.28291773295e+40,5.43177379612e-05
84,64.3664904137,1.00006436646,1.1999,0.86966,3.30782619564e+40,5.47298177385e-05
85,64.913223465,1.0000649132,1.1999,0.86966,3.33273465832e+40,5.51418968398e-05
86,65.4599565163,1.00006545993,1.1999,0.86966,3.357643121e+40,5.55539752653e-05
87,66.0066895676,1.00006600666,1.1999,0.86966,3.38255158369e+40,5.59660530149e-05
88,66.5534226188,1.0000665534,1.1999,0.82704,3.40746004637e+40,5.63781300886e-05
89,67.0604610269,1.00006706044,1.1999,0.82704,3.42998689487e+40,5.67508049003e-05
90,67.5674994349,1.00006756748,1.1999,0.82704,3.45251374337e+40,5.71234791451e-05
91,68.074537843,1.00006807452,1.1999,0.82704,3.47504059187e+40,5.7496152823e-05
92,68.581576251,1.00006858156,1.1999,0.82704,3.49756744037e+40,5.7868825934e-05
93,69.088614659,1.0000690886,1.1999,0.82704,3.52009428887e+40,5.82414984783e-05
94,69.5956530671,1.00006959564,1.1999,0.82704,3.54262113737e+40,5.86141704556e-05
95,70.1026914751,1.00007010268,1.1999,0.82704,3.56514798587e+40,5.89868418661e-05
96,70.6097298832,1.00007060972,1.1999,0.82704,3.58767483437e+40,5.93595127098e-05
97,71.1167682912,1.00007111676,1.1999,0.78651,3.61020168287e+40,5.97321829866e-05
98,71.5869951796,1.00007158698,1.1999,0.78651,3.63057465148e+40,6.00692192647e-05
99,72.057222068,1.00007205721,1.1999,0.78651,3.65094762009e+40,6.04062550673e-05
100,72.5274489564,1.00007252744,1.1999,0.78651,3.6713205887e+40,6.07432903945e-05
101,72.9976758448,1.00007299767,1.1999,0.78651,3.69169355731e+40,6.10803252463e-05
102,73.4679027332,1.00007346789,1.1999,0.78651,3.71206652592e+40,6.14173596226e-05
103,73.9381296217,1.00007393812,1.1999,0.78651,3.73243949453e+40,6.17543935236e-05
104,74.4083565101,1.00007440835,1.1999,0.78651,3.75281246314e+40,6.20914269491e-05
105,74.8785833985,1.00007487858,1.1999,0.78651,3.77318543175e+40,6.24284598992e-05
106,75.3488102869,1.0000753488,1.1999,0.78651,3.79355840036e+40,6.27654923738e-05
107,75.8190371753,1.00007581903,1.1999,0.74796,3.81393136897e+40,6.31025243731e-05
108,76.2551196619,1.00007625512,1.1999,0.74796,3.83235641287e+40,6.3407330226e-05
109,76.6912021485,1.00007669121,1.1999,0.74796,3.85078145676e+40,6.37121356802e-05
110,77.1272846352,1.00007712729,1.1999,0.74796,3.86920650066e+40,6.40169407357e-05
111,77.5633671218,1.00007756338,1.1999,0.74796,3.88763154455e+40,6.43217453924e-05
112,77.9994496084,1.00007799947,1.1999,0.74796,3.90605658845e+40,6.46265496503e-05
113,78.4355320951,1.00007843556,1.1999,0.74796,3.92448163235e+40,6.49313535095e-05
114,78.8716145817,1.00007887165,1.1999,0.74796,3.94290667624e+40,6.523615697e-05
115,79.3076970683,1.00007930773,1.1999,0.74796,3.96133172014e+40,6.55409600318e-05
116,79.7437795549,1.00007974382,1.1999,0.71131,3.97975676403e+40,6.58457626948e-05
117,80.1482059176,1.00008014825,1.1999,0.71131,3.99642014253e+40,6.61214210599e-05
118,80.5526322803,1.00008055268,1.1999,0.71131,4.01308352103e+40,6.63970790906e-05
119,80.957058643,1.0000809571,1.1999,0.71131,4.02974689953e+40,6.66727367869e-05
120,81.3614850057,1.00008136153,1.1999,0.71131,4.04641027804e+40,6.69483941488e-05
121,81.7659113684,1.00008176596,1.1999,0.71131,4.06307365654e+40,6.72240511762e-05
122,82.1703377311,1.00008217039,1.1999,0.71131,4.07973703504e+40,6.74997078692e-05
123,82.5747640938,1.00008257481,1.1999,0.71131,4.09640041354e+40,6.77753642278e-05
124,82.9791904565,1.00008297924,1.1999,0.71131,4.11306379204e+40,6.80510202519e-05
125,83.3836168192,1.00008338367,1.1999,0.71131,4.12972717054e+40,6.83266759416e-05
126,83.7880431818,1.00008378809,1.1999,0.67645,4.14639054904e+40,6.86023312969e-05
127,84.1631065399,1.00008416316,1.1999,0.67645,4.16146070953e+40,6.88516294588e-05
128,84.538169898,1.00008453823,1.1999,0.67645,4.17653087002e+40,6.91009273402e-05
129,84.9132332561,1.00008491329,1.1999,0.67645,4.19160103051e+40,6.93502249411e-05
130,85.2882966142,1.00008528836,1.1999,0.67645,4.20667119101e+40,6.95995222615e-05
131,85.6633599723,1.00008566342,1.1999,0.67645,4.2217413515e+40,6.98488193014e-05
132,86.0384233304,1.00008603849,1.1999,0.67645,4.23681151199e+40,7.00981160609e-05
133,86.4134866885,1.00008641355,1.1999,0.67645,4.25188167248e+40,7.03474125398e-05
134,86.7885500466,1.00008678862,1.1999,0.67645,4.26695183297e+40,7.05967087383e-05
135,87.1636134047,1.00008716369,1.1999,0.6433,4.28202199346e+40,7.08460046562e-05
136,87.5114469098,1.00008751152,1.1999,0.6433,4.29565127506e+40,7.1071463885e-05
137,87.8592804149,1.00008785936,1.1999,0.6433,4.30928055666e+40,7.12969228786e-05
138,88.20711392,1.00008820719,1.1999,0.6433,4.32290983826e+40,7.15223816369e-05
139,88.5549474251,1.00008855503,1.1999,0.6433,4.33653911986e+40,7.17478401599e-05
140,88.9027809302,1.00008890286,1.1999,0.6433,4.35016840146e+40,7.19732984477e-05
141,89.2506144354,1.0000892507,1.1999,0.6433,4.36379768306e+40,7.21987565002e-05
142,89.5984479405,1.00008959854,1.1999,0.6433,4.37742696466e+40,7.24242143175e-05
143,89.9462814456,1.00008994637,1.1999,0.6433,4.39105624625e+40,7.26496718996e-05
144,90.2941149507,1.00009029421,1.1999,0.6433,4.40468552785e+40,7.28751292464e-05
145,90.6419484558,1.00009064204,1.1999,0.61177,4.41831480945e+40,7.31005863579e-05
146,90.9645254199,1.00009096463,1.1999,0.61177,4.43064098367e+40,7.33044862376e-05
147,91.2871023841,1.00009128721,1.1999,0.61177,4.44296715788e+40,7.35083859201e-05
148,91.6096793483,1.00009160979,1.1999,0.61177,4.45529333209e+40,7.37122854052e-05
149,91.9322563125,1.00009193237,1.1999,0.61177,4.46761950631e+40,7.39161846931e-05
150,92.2548332767,1.00009225496,1.1999,0.61177,4.47994568052e+40,7.41200837836e-05
151,92.5774102408,1.00009257754,1.1999,0.61177,4.49227185473e+40,7.43239826768e-05
152,92.899987205,1.00009290012,1.1999,0.61177,4.50459802895e+40,7.45278813727e-05
153,93.2225641692,1.00009322271,1.1999,0.61177,4.51692420316e+40,7.47317798713e-05
154,93.5451411334,1.00009354529,1.1998,0.58179,4.52925037737e+40,7.49356781725e-05
155,93.8443058246,1.00009384445,1.1998,0.58179,4.54039804136e+40,7.51200806732e-05
156,94.1434705159,1.00009414362,1.1998,0.58179,4.55154570536e+40,7.53044830083e-05
157,94.4426352072,1.00009444278,1.1998,0.58179,4.56269336935e+40,7.54888851779e-05
158,94.7417998984,1.00009474194,1.1998,0.58179,4.57384103334e+40,7.5673287182e-05
159,95.0409645897,1.00009504111,1.1998,0.58179,4.58498869733e+40,7.58576890207e-05
160,95.340129281,1.00009534027,1.1998,0.58179,4.59613636132e+40,7.60420906939e-05
161,95.6392939722,1.00009563943,1.1998,0.58179,4.60728402532e+40,7.62264922015e-05
162,95.9384586635,1.0000959386,1.1998,0.58179,4.61843168931e+40,7.64108935437e-05
163,96.2376233547,1.00009623776,1.1998,0.58179,4.6295793533e+40,7.65952947204e-05
164,96.536788046,1.00009653692,1.1998,0.55328,4.64072701729e+40,7.67796957316e-05
165,96.8142340116,1.00009681437,1.1998,0.55328,4.65080885386e+40,7.69464652372e-05
166,97.0916799772,1.00009709181,1.1998,0.55328,4.66089069042e+40,7.7113234604e-05
167,97.3691259427,1.00009736926,1.1998,0.55328,4.67097252699e+40,7.7280003832e-05
168,97.6465719083,1.0000976467,1.1998,0.55328,4.68105436355e+40,7.74467729212e-05
169,97.9240178739,1.00009792415,1.1998,0.55328,4.69113620012e+40,7.76135418716e-05
170,98.2014638395,1.00009820159,1.1998,0.55328,4.70121803668e+40,7.77803106832e-05
171,98.4789098051,1.00009847904,1.1998,0.55328,4.71129987325e+40,7.7947079356e-05
172,98.7563557706,1.00009875648,1.1998,0.55328,4.72138170981e+40,7.811384789e-05
173,99.0338017362,1.00009903393,1.1998,0.55328,4.73146354638e+40,7.82806162852e-05
174,99.3112477018,1.00009931137,1.1998,0.52617,4.74154538294e+40,7.84473845416e-05
175,99.5685538009,1.00009956867,1.1998,0.52617,4.75066329995e+40,7.85982072929e-05
176,99.8258599001,1.00009982598,1.1998,0.52617,4.75978121696e+40,7.87490299277e-05
177,100.083165999,1.00010008328,1.1998,0.52617,4.76889913397e+40,7.88998524462e-05
178,100.340472098,1.00010034058,1.1998,0.52617,4.77801705098e+40,7.90506748483e-05
179,100.597778198,1.00010059788,1.1998,0.52617,4.78713496799e+40,7.92014971339e-05
180,100.855084297,1.00010085519,1.1998,0.52617,4.796252885e+40,7.93523193031e-05
181,101.112390396,1.00010111249,1.1998,0.52617,4.80537080201e+40,7.9503141356e-05
182,101.369696495,1.00010136979,1.1998,0.52617,4.81448871902e+40,7.96539632924e-05
183,101.627002594,1.00010162709,1.1998,0.50038,4.82360663603e+40,7.98047851124e-05
184,101.865624808,1.00010186572,1.1998,0.50038,4.83185279687e+40,7.99411861784e-05
185,102.104247022,1.00010210434,1.1998,0.50038,4.84009895772e+40,8.00775871467e-05
186,102.342869236,1.00010234296,1.1998,0.50038,4.84834511856e+40,8.02139880174e-05
187,102.58149145,1.00010258158,1.1998,0.50038,4.85659127941e+40,8.03503887905e-05
188,102.820113664,1.00010282021,1.1998,0.50038,4.86483744025e+40,8.0486789466e-05
189,103.058735878,1.00010305883,1.1998,0.50038,4.87308360109e+40,8.06231900438e-05
190,103.297358092,1.00010329745,1.1998,0.50038,4.88132976194e+40,8.07595905239e-05
191,103.535980306,1.00010353607,1.1998,0.50038,4.88957592278e+40,8.08959909065e-05
192,103.77460252,1.0001037747,1.1998,0.50038,4.89782208363e+40,8.10323911914e-05
193,104.013224734,1.00010401332,1.1998,0.47586,4.90606824447e+40,8.11687913786e-05
194,104.234523889,1.00010423462,1.1998,0.47586,4.91352599995e+40,8.1292149757e-05
195,104.455823045,1.00010445592,1.1998,0.47586,4.92098375542e+40,8.14155080534e-05
196,104.677122201,1.00010467722,1.1998,0.47586,4.9284415109e+40,8.15388662679e-05
197,104.898421356,1.00010489852,1.1998,0.47586,4.93589926637e+40,8.16622244006e-05
198,105.119720512,1.00010511982,1.1998,0.47586,4.94335702185e+40,8.17855824513e-05
199,105.341019668,1.00010534112,1.1998,0.47586,4.95081477732e+40,8.19089404202e-05
200,105.562318823,1.00010556241,1.1998,0.47586,4.95827253279e+40,8.20322983072e-05
201,105.783617979,1.00010578371,1.1998,0.47586,4.96573028827e+40,8.21556561123e-05
202,106.004917135,1.00010600501,1.1998,0.45254,4.97318804374e+40,8.22790138355e-05
203,106.210149767,1.00010621025,1.1998,0.45254,4.97993277479e+40,8.23905768184e-05
204,106.415382399,1.00010641548,1.1998,0.45254,4.98667750583e+40,8.25021397326e-05
205,106.620615032,1.00010662071,1.1998,0.45254,4.99342223688e+40,8.26137025781e-05
206,106.825847664,1.00010682595,1.1998,0.45254,5.00016696792e+40,8.27252653549e-05
207,107.031080296,1.00010703118,1.1998,0.45254,5.00691169897e+40,8.28368280631e-05
208,107.236312929,1.00010723641,1.1998,0.45254,5.01365643001e+40,8.29483907026e-05
209,107.441545561,1.00010744165,1.1998,0.45254,5.02040116106e+40,8.30599532734e-05
210,107.646778193,1.00010764688,1.1998,0.45254,5.0271458921e+40,8.31715157755e-05
211,107.852010825,1.00010785211,1.1998,0.45254,5.03389062315e+40,8.32830782089e-05
212,108.057243458,1.00010805735,1.1998,0.43036,5.04063535419e+40,8.33946405736e-05
213,108.24757414,1.00010824768,1.1998,0.43036,5.04673523404e+40,8.34955360175e-05
214,108.437904823,1.00010843801,1.1998,0.43036,5.05283511388e+40,8.35964314037e-05
215,108.628235505,1.00010862835,1.1998,0.43036,5.05893499373e+40,8.36973267323e-05
216,108.818566188,1.00010881868,1.1998,0.43036,5.06503487357e+40,8.37982220033e-05
217,109.00889687,1.00010900902,1.1998,0.43036,5.07113475341e+40,8.38991172166e-05
218,109.199227553,1.00010919935,1.1998,0.43036,5.07723463326e+40,8.40000123724e-05
219,109.389558235,1.00010938968,1.1998,0.43036,5.0833345131e+40,8.41009074706e-05
220,109.579888918,1.00010958002,1.1998,0.43036,5.08943439294e+40,8.42018025111e-05
221,109.7702196,1.00010977035,1.1998,0.40927,5.09553427279e+40,8.43026974941e-05
222,109.946732245,1.00010994687,1.1998,0.40927,5.10105095619e+40,8.439394552e-05
223,110.123244891,1.00011012338,1.1998,0.40927,5.10656763959e+40,8.44851934975e-05
224,110.299757536,1.0001102999,1.1998,0.40927,5.112084323e+40,8.45764414267e-05
225,110.476270182,1.00011047642,1.1998,0.40927,5.1176010064e+40,8.46676893076e-05
226,110.652782827,1.00011065293,1.1998,0.40927,5.1231176898e+40,8.47589371402e-05
227,110.829295473,1.00011082945,1.1998,0.40927,5.12863437321e+40,8.48501849245e-05
228,111.005808118,1.00011100597,1.1998,0.40927,5.13415105661e+40,8.49414326604e-05
229,111.182320763,1.00011118248,1.1998,0.40927,5.13966774001e+40,8.50326803481e-05
230,111.358833409,1.000111359,1.1998,0.40927,5.14518442341e+40,8.51239279874e-05
231,111.535346054,1.00011153551,1.1998,0.38922,5.15070110682e+40,8.52151755784e-05
232,111.699047939,1.00011169922,1.1998,0.38922,5.1556903534e+40,8.52976986456e-05
233,111.862749823,1.00011186292,1.1998,0.38922,5.16067959998e+40,8.53802216722e-05
234,112.026451708,1.00011202662,1.1998,0.38922,5.16566884655e+40,8.54627446584e-05
235,112.190153592,1.00011219032,1.1998,0.38922,5.17065809313e+40,8.5545267604e-05
236,112.353855477,1.00011235402,1.1998,0.38922,5.17564733971e+40,8.56277905091e-05
237,112.517557361,1.00011251772,1.1998,0.38922,5.18063658629e+40,8.57103133737e-05
238,112.681259246,1.00011268143,1.1998,0.38922,5.18562583287e+40,8.57928361977e-05
239,112.844961131,1.00011284513,1.1998,0.38922,5.19061507945e+40,8.58753589812e-05
240,113.008663015,1.00011300883,1.1998,0.37014,5.19560432603e+40,8.59578817242e-05
241,113.160476373,1.00011316065,1.1998,0.37014,5.20011656397e+40,8.60325141656e-05
242,113.312289732,1.00011331246,1.1998,0.37014,5.20462880191e+40,8.6107146573e-05
243,113.46410309,1.00011346428,1.1998,0.37014,5.20914103986e+40,8.61817789464e-05
244,113.615916448,1.0001136161,1.1998,0.37014,5.2136532778e+40,8.62564112858e-05
245,113.767729807,1.00011376792,1.1998,0.37014,5.21816551574e+40,8.63310435912e-05
246,113.919543165,1.00011391973,1.1998,0.37014,5.22267775368e+40,8.64056758626e-05
247,114.071356523,1.00011407155,1.1998,0.37014,5.22718999162e+40,8.64803081001e-05
248,114.223169882,1.00011422337,1.1998,0.37014,5.23170222957e+40,8.65549403035e-05
249,114.37498324,1.00011437519,1.1998,0.37014,5.23621446751e+40,8.6629572473e-05
250,114.526796598,1.000114527,1.1997,0.35201,5.24072670545e+40,8.67042046085e-05
251,114.667596817,1.0001146678,1.1997,0.35201,5.24480754131e+40,8.67717008964e-05
252,114.808397036,1.0001148086,1.1997,0.35201,5.24888837717e+40,8.68391971558e-05
253,114.949197254,1.00011494939,1.1997,0.35201,5.25296921303e+40,8.69066933867e-05
254,115.089997473,1.00011509019,1.1997,0.35201,5.25705004889e+40,8.6974189589e-05
255,115.230797692,1.00011523098,1.1997,0.35201,5.26113088475e+40,8.70416857629e-05
256,115.371597911,1.00011537178,1.1997,0.35201,5.26521172061e+40,8.71091819083e-05
257,115.512398129,1.00011551258,1.1997,0.35201,5.26929255647e+40,8.71766780251e-05
258,115.653198348,1.00011565337,1.1997,0.35201,5.27337339233e+40,8.72441741135e-05
259,115.793998567,1.00011579417,1.1997,0.35201,5.27745422819e+40,8.73116701733e-05
260,115.934798785,1.00011593496,1.1997,0.33476,5.28153506405e+40,8.73791662047e-05
261,116.065377132,1.00011606554,1.1997,0.33476,5.28522574379e+40,8.74402086995e-05
262,116.195955479,1.00011619611,1.1997,0.33476,5.28891642354e+40,8.75012511704e-05
263,116.326533826,1.00011632669,1.1997,0.33476,5.29260710329e+40,8.75622936174e-05
264,116.457112173,1.00011645726,1.1997,0.33476,5.29629778304e+40,8.76233360405e-05
265,116.58769052,1.00011658784,1.1997,0.33476,5.29998846279e+40,8.76843784397e-05
266,116.718268867,1.00011671841,1.1997,0.33476,5.30367914253e+40,8.7745420815e-05
267,116.848847214,1.00011684899,1.1997,0.33476,5.30736982228e+40,8.78064631663e-05
268,116.979425561,1.00011697956,1.1997,0.33476,5.31106050203e+40,8.78675054938e-05
269,117.110003908,1.00011711014,1.1997,0.31835,5.31475118178e+40,8.79285477973e-05
270,117.231099437,1.00011723123,1.1997,0.31835,5.31808900775e+40,8.79837536296e-05
271,117.352194966,1.00011735233,1.1997,0.31835,5.32142683373e+40,8.80389594419e-05
272,117.473290495,1.00011747342,1.1997,0.31835,5.32476465971e+40,8.8094165234e-05
273,117.594386024,1.00011759452,1.1997,0.31835,5.32810248569e+40,8.81493710062e-05
274,117.715481553,1.00011771562,1.1997,0.31835,5.33144031166e+40,8.82045767582e-05
275,117.836577082,1.00011783671,1.1997,0.31835,5.33477813764e+40,8.82597824903e-05
276,117.957672611,1.00011795781,1.1997,0.31835,5.33811596362e+40,8.83149882022e-05
277,118.07876814,1.0001180789,1.1997,0.31835,5.3414537896e+40,8.83701938941e-05
278,118.199863669,1.0001182,1.1997,0.31835,5.34479161557e+40,8.8425399566e-05
279,118.320959198,1.00011832109,1.1997,0.30275,5.34812944155e+40,8.84806052178e-05
280,118.433263672,1.0001184334,1.1997,0.30275,5.35114814955e+40,8.85305324613e-05
281,118.545568145,1.0001185457,1.1997,0.30275,5.35416685755e+40,8.85804596879e-05
282,118.657872618,1.00011865801,1.1997,0.30275,5.35718556556e+40,8.86303868977e-05
283,118.770177092,1.00011877031,1.1997,0.30275,5.36020427356e+40,8.86803140907e-05
284,118.882481565,1.00011888261,1.1997,0.30275,5.36322298156e+40,8.87302412669e-05
285,118.994786038,1.00011899492,1.1997,0.30275,5.36624168956e+40,8.87801684263e-05
286,119.107090511,1.00011910722,1.1997,0.30275,5.36926039756e+40,8.88300955688e-05
287,119.219394985,1.00011921953,1.1997,0.30275,5.37227910556e+40,8.88800226946e-05
288,119.331699458,1.00011933183,1.1997,0.28792,5.37529781356e+40,8.89299498035e-05
289,119.435854087,1.00011943598,1.1997,0.28792,5.37802791386e+40,8.89751032035e-05
290,119.540008717,1.00011954014,1.1997,0.28792,5.38075801416e+40,8.90202565895e-05
291,119.644163346,1.00011964429,1.1997,0.28792,5.38348811445e+40,8.90654099614e-05
292,119.748317976,1.00011974844,1.1997,0.28792,5.38621821475e+40,8.91105633191e-05
293,119.852472605,1.00011985259,1.1997,0.28792,5.38894831505e+40,8.91557166628e-05
294,119.956627235,1.00011995674,1.1997,0.28792,5.39167841534e+40,8.92008699923e-05
295,120.060781864,1.00012006089,1.1997,0.28792,5.39440851564e+40,8.92460233077e-05
296,120.164936493,1.00012016505,1.1997,0.28792,5.39713861593e+40,8.92911766091e-05
297,120.269091123,1.0001202692,1.1997,0.28792,5.39986871623e+40,8.93363298963e-05
298,120.373245752,1.00012037335,1.1997,0.27381,5.40259881653e+40,8.93814831694e-05
299,120.469838559,1.00012046994,1.1997,0.27381,5.40506790228e+40,8.94223191756e-05
300,120.566431366,1.00012056653,1.1997,0.27381,5.40753698803e+40,8.94631551699e-05
301,120.663024172,1.00012066312,1.1997,0.27381,5.41000607378e+40,8.95039911524e-05
302,120.759616979,1.00012075971,1.1997,0.27381,5.41247515953e+40,8.95448271231e-05
303,120.856209786,1.0001208563,1.1997,0.27381,5.41494424528e+40,8.95856630819e-05
304,120.952802592,1.00012095289,1.1997,0.27381,5.41741333103e+40,8.96264990289e-05
305,121.049395399,1.00012104948,1.1997,0.27381,5.41988241678e+40,8.96673349641e-05
306,121.145988206,1.00012114607,1.1997,0.27381,5.42235150253e+40,8.97081708875e-05
307,121.242581012,1.00012124266,1.1997,0.26039,5.42482058828e+40,8.9749006799e-05
308,121.332160233,1.00012133224,1.1997,0.26039,5.42705361446e+40,8.97859382401e-05
309,121.421739454,1.00012142182,1.1997,0.26039,5.42928664063e+40,8.98228696714e-05
310,121.511318675,1.0001215114,1.1997,0.26039,5.43151966681e+40,8.98598010926e-05
311,121.600897895,1.00012160098,1.1997,0.26039,5.43375269298e+40,8.9896732504e-05
312,121.690477116,1.00012169056,1.1997,0.26039,5.43598571915e+40,8.99336639055e-05
313,121.780056337,1.00012178014,1.1997,0.26039,5.43821874533e+40,8.9970595297e-05
314,121.869635557,1.00012186971,1.1997,0.26039,5.4404517715e+40,9.00075266786e-05
315,121.959214778,1.00012195929,1.1997,0.26039,5.44268479767e+40,9.00444580503e-05
316,122.048793999,1.00012204887,1.1997,0.26039,5.44491782385e+40,9.0081389412e-05
317,122.13837322,1.00012213845,1.1997,0.24763,5.44715085002e+40,9.01183207638e-05
318,122.221449246,1.00012222153,1.1997,0.24763,5.44917038565e+40,9.01517209721e-05
319,122.304525272,1.0001223046,1.1997,0.24763,5.45118992127e+40,9.0185121172e-05
320,122.387601298,1.00012238768,1.1997,0.24763,5.45320945689e+40,9.02185213636e-05
321,122.470677324,1.00012247075,1.1997,0.24763,5.45522899252e+40,9.02519215469e-05
322,122.55375335,1.00012255383,1.1997,0.24763,5.45724852814e+40,9.02853217218e-05
323,122.636829376,1.0001226369,1.1997,0.24763,5.45926806376e+40,9.03187218884e-05
324,122.719905402,1.00012271998,1.1997,0.24763,5.46128759939e+40,9.03521220467e-05
325,122.802981428,1.00012280306,1.1997,0.24763,5.46330713501e+40,9.03855221967e-05
326,122.886057454,1.00012288613,1.1997,0.24763,5.46532667063e+40,9.04189223384e-05
327,122.969133481,1.00012296921,1.1997,0.23549,5.46734620626e+40,9.04523224717e-05
328,123.046175832,1.00012304625,1.1997,0.23549,5.46917266255e+40,9.04825290917e-05
329,123.123218184,1.0001231233,1.1997,0.23549,5.47099911883e+40,9.05127357047e-05
330,123.200260536,1.00012320034,1.1997,0.23549,5.47282557512e+40,9.05429423107e-05
331,123.277302888,1.00012327738,1.1997,0.23549,5.47465203141e+40,9.05731489098e-05
332,123.35434524,1.00012335443,1.1997,0.23549,5.4764784877e+40,9.06033555019e-05
333,123.431387592,1.00012343147,1.1997,0.23549,5.47830494399e+40,9.06335620869e-05
334,123.508429944,1.00012350852,1.1997,0.23549,5.48013140027e+40,9.06637686651e-05
335,123.585472296,1.00012358556,1.1997,0.23549,5.48195785656e+40,9.06939752362e-05
336,123.662514648,1.00012366261,1.1997,0.22395,5.48378431285e+40,9.07241818003e-05
337,123.733963857,1.00012373406,1.1997,0.22395,5.48543614952e+40,9.07515001977e-05
338,123.805413066,1.00012380551,1.1997,0.22395,5.48708798619e+40,9.07788185891e-05
339,123.876862276,1.00012387696,1.1997,0.22395,5.48873982285e+40,9.08061369748e-05
340,123.948311485,1.00012394841,1.1997,0.22395,5.49039165952e+40,9.08334553545e-05
341,124.019760695,1.00012401987,1.1997,0.22395,5.49204349619e+40,9.08607737284e-05
342,124.091209904,1.00012409132,1.1997,0.22395,5.49369533286e+40,9.08880920965e-05
343,124.162659114,1.00012416277,1.1997,0.22395,5.49534716953e+40,9.09154104587e-05
344,124.234108323,1.00012423422,1.1997,0.22395,5.4969990062e+40,9.0942728815e-05
345,124.305557532,1.00012430567,1.1997,0.22395,5.49865084287e+40,9.09700471655e-05
346,124.377006742,1.00012437712,1.1996,0.21298,5.50030267953e+40,9.09973655102e-05
347,124.443272464,1.00012444339,1.1996,0.21298,5.50179659139e+40,9.1022071839e-05
348,124.509538186,1.00012450965,1.1996,0.21298,5.50329050325e+40,9.10467781628e-05
349,124.575803907,1.00012457592,1.1996,0.21298,5.5047844151e+40,9.10714844818e-05
350,124.642069629,1.00012464218,1.1996,0.21298,5.50627832696e+40,9.10961907959e-05
351,124.708335351,1.00012470845,1.1996,0.21298,5.50777223881e+40,9.1120897105e-05
352,124.774601073,1.00012477471,1.1996,0.21298,5.50926615067e+40,9.11456034092e-05
353,124.840866795,1.00012484098,1.1996,0.21298,5.51076006253e+40,9.11703097086e-05
354,124.907132517,1.00012490724,1.1996,0.21298,5.51225397438e+40,9.1195016003e-05
355,124.973398238,1.00012497351,1.1996,0.20254,5.51374788624e+40,9.12197222925e-05
356,125.034851779,1.00012503496,1.1996,0.20254,5.51509897192e+40,9.12420663123e-05
357,125.096305319,1.00012509641,1.1996,0.20254,5.51645005761e+40,9.12644103279e-05
358,125.157758859,1.00012515787,1.1996,0.20254,5.51780114329e+40,9.12867543395e-05
359,125.2192124,1.00012521932,1.1996,0.20254,5.51915222898e+40,9.13090983469e-05
360,125.28066594,1.00012528078,1.1996,0.20254,5.52050331466e+40,9.13314423502e-05
361,125.34211948,1.00012534223,1.1996,0.20254,5.52185440035e+40,9.13537863494e-05
362,125.403573021,1.00012540368,1.1996,0.20254,5.52320548603e+40,9.13761303444e-05
363,125.465026561,1.00012546514,1.1996,0.20254,5.52455657172e+40,9.13984743354e-05
364,125.526480101,1.00012552659,1.1996,0.20254,5.52590765741e+40,9.14208183222e-05
365,125.587933642,1.00012558805,1.1996,0.19262,5.52725874309e+40,9.14431623049e-05
366,125.644928118,1.00012564504,1.1996,0.19262,5.5284806577e+40,9.14633698848e-05
367,125.701922594,1.00012570203,1.1996,0.19262,5.5297025723e+40,9.14835774612e-05
368,125.75891707,1.00012575902,1.1996,0.19262,5.53092448691e+40,9.15037850342e-05
369,125.815911546,1.00012581602,1.1996,0.19262,5.53214640151e+40,9.15239926038e-05
370,125.872906023,1.00012587301,1.1996,0.19262,5.53336831612e+40,9.15442001698e-05
371,125.929900499,1.00012593,1.1996,0.19262,5.53459023072e+40,9.15644077324e-05
372,125.986894975,1.000125987,1.1996,0.19262,5.53581214533e+40,9.15846152916e-05
373,126.043889451,1.00012604399,1.1996,0.19262,5.53703405993e+40,9.16048228473e-05
374,126.100883928,1.00012610098,1.1996,0.18318,5.53825597454e+40,9.16250303996e-05
375,126.153740352,1.00012615384,1.1996,0.18318,5.53936106762e+40,9.16433058193e-05
376,126.206596776,1.00012620669,1.1996,0.18318,5.5404661607e+40,9.16615812361e-05
377,126.259453201,1.00012625955,1.1996,0.18318,5.54157125378e+40,9.16798566501e-05
378,126.312309625,1.0001263124,1.1996,0.18318,5.54267634686e+40,9.16981320611e-05
379,126.36516605,1.00012636526,1.1996,0.18318,5.54378143994e+40,9.17164074693e-05
380,126.418022474,1.00012641811,1.1996,0.18318,5.54488653302e+40,9.17346828745e-05
381,126.470878898,1.00012647097,1.1996,0.18318,5.54599162611e+40,9.17529582769e-05
382,126.523735323,1.00012652382,1.1996,0.18318,5.54709671919e+40,9.17712336763e-05
383,126.576591747,1.00012657668,1.1996,0.18318,5.54820181227e+40,9.17895090729e-05
384,126.629448172,1.00012662953,1.1996,0.1742,5.54930690535e+40,9.18077844666e-05
385,126.678465871,1.00012667855,1.1996,0.1742,5.55030634575e+40,9.1824312467e-05
386,126.727483571,1.00012672757,1.1996,0.1742,5.55130578615e+40,9.1840840465e-05
387,126.77650127,1.00012677659,1.1996,0.1742,5.55230522656e+40,9.18573684606e-05
388,126.82551897,1.00012682561,1.1996,0.1742,5.55330466696e+40,9.18738964538e-05
389,126.874536669,1.00012687463,1.1996,0.1742,5.55430410736e+40,9.18904244445e-05
390,126.923554369,1.00012692364,1.1996,0.1742,5.55530354777e+40,9.19069524328e-05
391,126.972572068,1.00012697266,1.1996,0.1742,5.55630298817e+40,9.19234804187e-05
392,127.021589768,1.00012702168,1.1996,0.1742,5.55730242857e+40,9.19400084021e-05
393,127.070607467,1.0001270707,1.1996,0.16567,5.55830186897e+40,9.19565363831e-05
394,127.116069255,1.00012711616,1.1996,0.16567,5.55920575772e+40,9.19714840462e-05
395,127.161531042,1.00012716162,1.1996,0.16567,5.56010964647e+40,9.19864317073e-05
396,127.20699283,1.00012720708,1.1996,0.16567,5.56101353521e+40,9.20013793663e-05
397,127.252454617,1.00012725254,1.1996,0.16567,5.56191742396e+40,9.20163270233e-05
398,127.297916405,1.000127298,1.1996,0.16567,5.56282131271e+40,9.20312746783e-05
399,127.343378192,1.00012734346,1.1996,0.16567,5.56372520145e+40,9.20462223312e-05
400,127.38883998,1.00012738892,1.1996,0.16567,5.5646290902e+40,9.20611699821e-05
401,127.434301767,1.00012743438,1.1996,0.16567,5.56553297895e+40,9.2076117631e-05
402,127.479763555,1.00012747984,1.1996,0.16567,5.56643686769e+40,9.20910652778e-05
403,127.525225342,1.0001275253,1.1996,0.15755,5.56734075644e+40,9.21060129225e-05
404,127.56738609,1.00012756746,1.1996,0.15755,5.56815822882e+40,9.21195313501e-05
405,127.609546839,1.00012760962,1.1996,0.15755,5.5689757012e+40,9.2133049776e-05
406,127.651707587,1.00012765178,1.1996,0.15755,5.56979317359e+40,9.21465682002e-05
407,127.693868335,1.00012769394,1.1996,0.15755,5.57061064597e+40,9.21600866226e-05
408,127.736029083,1.0001277361,1.1996,0.15755,5.57142811835e+40,9.21736050434e-05
409,127.778189832,1.00012777826,1.1996,0.15755,5.57224559074e+40,9.21871234624e-05
410,127.82035058,1.00012782042,1.1996,0.15755,5.57306306312e+40,9.22006418798e-05
411,127.862511328,1.00012786258,1.1996,0.15755,5.5738805355e+40,9.22141602954e-05
412,127.904672077,1.00012790474,1.1996,0.14983,5.57469800788e+40,9.22276787093e-05
413,127.943772267,1.00012794384,1.1996,0.14983,5.5754373258e+40,9.22399045592e-05
414,127.982872457,1.00012798293,1.1996,0.14983,5.57617664371e+40,9.22521304077e-05
415,128.021972647,1.00012802203,1.1996,0.14983,5.57691596163e+40,9.22643562548e-05
416,128.061072837,1.00012806113,1.1996,0.14983,5.57765527954e+40,9.22765821004e-05
417,128.100173027,1.00012810023,1.1996,0.14983,5.57839459746e+40,9.22888079446e-05
418,128.139273217,1.00012813933,1.1996,0.14983,5.57913391537e+40,9.23010337874e-05
419,128.178373407,1.00012817843,1.1996,0.14983,5.57987323329e+40,9.23132596287e-05
420,128.217473597,1.00012821753,1.1996,0.14983,5.5806125512e+40,9.23254854686e-05
421,128.256573787,1.00012825663,1.1996,0.14983,5.58135186912e+40,9.2337711307e-05
422,128.295673977,1.00012829573,1.1996,0.14249,5.58209118703e+40,9.23499371441e-05
423,128.331936438,1.00012833199,1.1996,0.14249,5.58275982249e+40,9.23609940045e-05
424,128.3681989,1.00012836825,1.1996,0.14249,5.58342845794e+40,9.23720508637e-05
425,128.404461361,1.00012840451,1.1996,0.14249,5.58409709339e+40,9.23831077217e-05
426,128.440723822,1.00012844077,1.1996,0.14249,5.58476572884e+40,9.23941645785e-05
427,128.476986284,1.00012847703,1.1996,0.14249,5.58543436429e+40,9.24052214341e-05
428,128.513248745,1.00012851329,1.1996,0.14249,5.58610299974e+40,9.24162782886e-05
429,128.549511206,1.00012854955,1.1996,0.14249,5.58677163519e+40,9.24273351418e-05
430,128.585773668,1.00012858581,1.1996,0.14249,5.58744027064e+40,9.24383919938e-05
431,128.622036129,1.00012862208,1.1996,0.14249,5.58810890609e+40,9.24494488446e-05
432,128.65829859,1.00012865834,1.1996,0.1355,5.58877754154e+40,9.24605056942e-05
433,128.691925708,1.00012869196,1.1996,0.1355,5.58938225216e+40,9.24705053379e-05
434,128.725552826,1.00012872559,1.1996,0.1355,5.58998696277e+40,9.24805049806e-05
435,128.759179943,1.00012875922,1.1996,0.1355,5.59059167339e+40,9.24905046223e-05
436,128.792807061,1.00012879285,1.1996,0.1355,5.59119638401e+40,9.2500504263e-05
437,128.826434178,1.00012882648,1.1996,0.1355,5.59180109463e+40,9.25105039026e-05
438,128.860061296,1.00012886011,1.1996,0.1355,5.59240580524e+40,9.25205035413e-05
439,128.893688413,1.00012889373,1.1996,0.1355,5.59301051586e+40,9.2530503179e-05
440,128.927315531,1.00012892736,1.1996,0.1355,5.59361522648e+40,9.25405028156e-05
441,128.960942648,1.00012896099,1.1995,0.12886,5.59421993709e+40,9.25505024513e-05
442,128.992129229,1.00012899218,1.1995,0.12886,5.59476683444e+40,9.25595459648e-05
443,129.02331581,1.00012902337,1.1995,0.12886,5.59531373178e+40,9.25685894776e-05
444,129.05450239,1.00012905455,1.1995,0.12886,5.59586062912e+40,9.25776329894e-05
445,129.085688971,1.00012908574,1.1995,0.12886,5.59640752646e+40,9.25866765005e-05
446,129.116875552,1.00012911693,1.1995,0.12886,5.59695442381e+40,9.25957200107e-05
447,129.148062133,1.00012914811,1.1995,0.12886,5.59750132115e+40,9.260476352e-05
448,129.179248713,1.0001291793,1.1995,0.12886,5.59804821849e+40,9.26138070285e-05
449,129.210435294,1.00012921049,1.1995,0.12886,5.59859511583e+40,9.26228505361e-05
450,129.241621875,1.00012924168,1.1995,0.12886,5.59914201318e+40,9.2631894043e-05
451,129.272808455,1.00012927286,1.1995,0.12255,5.59968891052e+40,9.26409375489e-05
452,129.301732601,1.00012930179,1.1995,0.12255,5.60018352184e+40,9.26491163517e-05
453,129.330656747,1.00012933071,1.1995,0.12255,5.60067813317e+40,9.26572951538e-05
454,129.359580893,1.00012935963,1.1995,0.12255,5.60117274449e+40,9.26654739552e-05
455,129.388505039,1.00012938856,1.1995,0.12255,5.60166735581e+40,9.26736527559e-05
456,129.417429185,1.00012941748,1.1995,0.12255,5.60216196714e+40,9.26818315558e-05
457,129.446353331,1.0001294464,1.1995,0.12255,5.60265657846e+40,9.26900103551e-05
458,129.475277477,1.00012947533,1.1995,0.12255,5.60315118978e+40,9.26981891536e-05
459,129.504201623,1.00012950425,1.1995,0.12255,5.60364580111e+40,9.27063679515e-05
460,129.533125769,1.00012953317,1.1995,0.11654,5.60414041243e+40,9.27145467486e-05
461,129.559948506,1.00012956,1.1995,0.11654,5.60458773655e+40,9.27219435205e-05
462,129.586771243,1.00012958682,1.1995,0.11654,5.60503506067e+40,9.27293402919e-05
463,129.61359398,1.00012961364,1.1995,0.11654,5.60548238479e+40,9.27367370626e-05
464,129.640416717,1.00012964047,1.1995,0.11654,5.60592970891e+40,9.27441338328e-05
465,129.667239454,1.00012966729,1.1995,0.11654,5.60637703303e+40,9.27515306023e-05
466,129.694062191,1.00012969411,1.1995,0.11654,5.60682435716e+40,9.27589273713e-05
467,129.720884928,1.00012972094,1.1995,0.11654,5.60727168128e+40,9.27663241396e-05
468,129.747707665,1.00012974776,1.1995,0.11654,5.6077190054e+40,9.27737209074e-05
469,129.774530402,1.00012977458,1.1995,0.11654,5.60816632952e+40,9.27811176746e-05
470,129.801353139,1.00012980141,1.1995,0.11083,5.60861365364e+40,9.27885144412e-05
471,129.826228911,1.00012982628,1.1995,0.11083,5.60901821146e+40,9.27952039554e-05
472,129.851104684,1.00012985116,1.1995,0.11083,5.60942276928e+40,9.28018934692e-05
473,129.875980456,1.00012987604,1.1995,0.11083,5.6098273271e+40,9.28085829825e-05
474,129.900856228,1.00012990091,1.1995,0.11083,5.61023188492e+40,9.28152724953e-05
475,129.925732,1.00012992579,1.1995,0.11083,5.61063644273e+40,9.28219620076e-05
476,129.950607772,1.00012995066,1.1995,0.11083,5.61104100055e+40,9.28286515194e-05
477,129.975483544,1.00012997554,1.1995,0.11083,5.61144555837e+40,9.28353410307e-05
478,130.000359317,1.00013000042,1.1995,0.11083,5.61185011619e+40,9.28420305415e-05
479,130.025235089,1.00013002529,1.1995,0.1054,5.61225467401e+40,9.28487200518e-05
480,130.048305296,1.00013004836,1.1995,0.1054,5.6126205542e+40,9.28547699334e-05
481,130.071375502,1.00013007143,1.1995,0.1054,5.6129864344e+40,9.28608198145e-05
482,130.094445709,1.0001300945,1.1995,0.1054,5.61335231459e+40,9.28668696953e-05
483,130.117515916,1.00013011758,1.1995,0.1054,5.61371819478e+40,9.28729195756e-05
484,130.140586123,1.00013014065,1.1995,0.1054,5.61408407498e+40,9.28789694555e-05
485,130.16365633,1.00013016372,1.1995,0.1054,5.61444995517e+40,9.28850193349e-05
486,130.186726536,1.00013018679,1.1995,0.1054,5.61481583536e+40,9.2891069214e-05
487,130.209796743,1.00013020986,1.1995,0.1054,5.61518171555e+40,9.28971190926e-05
488,130.23286695,1.00013023293,1.1995,0.1054,5.61554759575e+40,9.29031689709e-05
489,130.255937157,1.000130256,1.1995,0.10024,5.61591347594e+40,9.29092188487e-05
490,130.277334121,1.00013027739,1.1995,0.10024,5.61624437628e+40,9.29146902556e-05
491,130.298731085,1.00013029879,1.1995,0.10024,5.61657527662e+40,9.29201616623e-05
492,130.320128049,1.00013032018,1.1995,0.10024,5.61690617697e+40,9.29256330685e-05
493,130.341525013,1.00013034158,1.1995,0.10024,5.61723707731e+40,9.29311044744e-05
494,130.362921977,1.00013036298,1.1995,0.10024,5.61756797765e+40,9.293657588e-05
495,130.384318941,1.00013038437,1.1995,0.10024,5.61789887799e+40,9.29420472852e-05
496,130.405715905,1.00013040577,1.1995,0.10024,5.61822977833e+40,9.29475186901e-05
497,130.427112869,1.00013042716,1.1995,0.10024,5.61856067868e+40,9.29529900946e-05
498,130.448509834,1.00013044856,1.1995,0.10024,5.61889157902e+40,9.29584614987e-05
499,130.469906798,1.00013046995,1.1995,0.09532,5.61922247936e+40,9.29639329025e-05
500,130.489747938,1.0001304898,1.1995,0.09532,5.6195217441e+40,9.29688811459e-05
501,130.509589078,1.00013050964,1.1995,0.09532,5.61982100884e+40,9.29738293889e-05
502,130.529430218,1.00013052948,1.1995,0.09532,5.62012027358e+40,9.29787776317e-05
503,130.549271358,1.00013054932,1.1995,0.09532,5.62041953832e+40,9.29837258741e-05
504,130.569112498,1.00013056917,1.1995,0.09532,5.62071880306e+40,9.29886741163e-05
505,130.588953638,1.00013058901,1.1995,0.09532,5.62101806779e+40,9.29936223582e-05
506,130.608794778,1.00013060885,1.1995,0.09532,5.62131733253e+40,9.29985705998e-05
507,130.628635918,1.00013062869,1.1995,0.09532,5.62161659727e+40,9.3003518841e-05
508,130.648477058,1.00013064854,1.1995,0.09065,5.62191586201e+40,9.3008467082e-05
509,130.666878094,1.00013066694,1.1995,0.09065,5.62218651566e+40,9.30129421845e-05
510,130.68527913,1.00013068534,1.1995,0.09065,5.62245716932e+40,9.30174172867e-05
511,130.703680167,1.00013070374,1.1995,0.09065,5.62272782297e+40,9.30218923887e-05
512,130.722081203,1.00013072214,1.1995,0.09065,5.62299847663e+40,9.30263674904e-05
513,130.740482239,1.00013074054,1.1995,0.09065,5.62326913028e+40,9.30308425919e-05
514,130.758883276,1.00013075895,1.1995,0.09065,5.62353978394e+40,9.30353176931e-05
515,130.777284312,1.00013077735,1.1995,0.09065,5.62381043759e+40,9.30397927941e-05
516,130.795685349,1.00013079575,1.1995,0.09065,5.62408109124e+40,9.30442678948e-05
517,130.814086385,1.00013081415,1.1995,0.09065,5.6243517449e+40,9.30487429953e-05
518,130.832487421,1.00013083255,1.1995,0.08621,5.62462239855e+40,9.30532180955e-05
519,130.849553236,1.00013084962,1.1995,0.08621,5.62486717648e+40,9.30572652964e-05
520,130.866619052,1.00013086669,1.1995,0.08621,5.62511195441e+40,9.30613124971e-05
521,130.883684867,1.00013088375,1.1995,0.08621,5.62535673234e+40,9.30653596976e-05
522,130.900750682,1.00013090082,1.1995,0.08621,5.62560151027e+40,9.30694068979e-05
523,130.917816497,1.00013091789,1.1995,0.08621,5.6258462882e+40,9.3073454098e-05
524,130.934882313,1.00013093495,1.1995,0.08621,5.62609106613e+40,9.30775012978e-05
525,130.951948128,1.00013095202,1.1995,0.08621,5.62633584405e+40,9.30815484975e-05
526,130.969013943,1.00013096908,1.1995,0.08621,5.62658062198e+40,9.3085595697e-05
527,130.986079758,1.00013098615,1.1995,0.08199,5.62682539991e+40,9.30896428962e-05
528,131.001907972,1.00013100198,1.1995,0.08199,5.62704677596e+40,9.30933031098e-05
529,131.017736185,1.0001310178,1.1995,0.08199,5.62726815201e+40,9.30969633232e-05
530,131.033564399,1.00013103363,1.1995,0.08199,5.62748952805e+40,9.31006235365e-05
531,131.049392612,1.00013104946,1.1995,0.08199,5.6277109041e+40,9.31042837496e-05
532,131.065220826,1.00013106529,1.1995,0.08199,5.62793228015e+40,9.31079439625e-05
533,131.081049039,1.00013108111,1.1995,0.08199,5.62815365619e+40,9.31116041752e-05
534,131.096877253,1.00013109694,1.1995,0.08199,5.62837503224e+40,9.31152643878e-05
535,131.112705466,1.00013111277,1.1995,0.08199,5.62859640829e+40,9.31189246002e-05
536,131.12853368,1.00013112859,1.1995,0.08199,5.62881778433e+40,9.31225848124e-05
537,131.144361893,1.00013114442,1.1994,0.07797,5.62903916038e+40,9.31262450245e-05
538,131.159040734,1.0001311591,1.1994,0.07797,5.62923937188e+40,9.31295552527e-05
539,131.173719574,1.00013117378,1.1994,0.07797,5.62943958337e+40,9.31328654808e-05
540,131.188398414,1.00013118846,1.1994,0.07797,5.62963979487e+40,9.31361757087e-05
541,131.203077255,1.00013120313,1.1994,0.07797,5.62984000637e+40,9.31394859365e-05
542,131.217756095,1.00013121781,1.1994,0.07797,5.63004021787e+40,9.31427961641e-05
543,131.232434935,1.00013123249,1.1994,0.07797,5.63024042936e+40,9.31461063916e-05
544,131.247113775,1.00013124717,1.1994,0.07797,5.63044064086e+40,9.31494166189e-05
545,131.261792616,1.00013126185,1.1994,0.07797,5.63064085236e+40,9.31527268461e-05
546,131.276471456,1.00013127653,1.1994,0.07415,5.63084106385e+40,9.31560370732e-05
547,131.290084874,1.00013129014,1.1994,0.07415,5.63102213423e+40,9.31590307803e-05
548,131.303698292,1.00013130375,1.1994,0.07415,5.63120320461e+40,9.31620244874e-05
549,131.31731171,1.00013131736,1.1994,0.07415,5.63138427498e+40,9.31650181943e-05
550,131.330925127,1.00013133098,1.1994,0.07415,5.63156534536e+40,9.31680119011e-05
551,131.344538545,1.00013134459,1.1994,0.07415,5.63174641574e+40,9.31710056077e-05
552,131.358151963,1.0001313582,1.1994,0.07415,5.63192748612e+40,9.31739993143e-05
553,131.371765381,1.00013137181,1.1994,0.07415,5.6321085565e+40,9.31769930207e-05
554,131.385378799,1.00013138543,1.1994,0.07415,5.63228962687e+40,9.3179986727e-05
555,131.398992217,1.00013139904,1.1994,0.07415,5.63247069725e+40,9.31829804331e-05
556,131.412605635,1.00013141265,1.1994,0.07051,5.63265176763e+40,9.31859741392e-05
557,131.42522904,1.00013142528,1.1994,0.07051,5.63281552687e+40,9.31886815897e-05
558,131.437852445,1.0001314379,1.1994,0.07051,5.63297928611e+40,9.319138904e-05
559,131.45047585,1.00013145053,1.1994,0.07051,5.63314304535e+40,9.31940964903e-05
560,131.463099255,1.00013146315,1.1994,0.07051,5.63330680459e+40,9.31968039405e-05
561,131.47572266,1.00013147577,1.1994,0.07051,5.63347056382e+40,9.31995113905e-05
562,131.488346065,1.0001314884,1.1994,0.07051,5.63363432306e+40,9.32022188405e-05
563,131.50096947,1.00013150102,1.1994,0.07051,5.6337980823e+40,9.32049262903e-05
564,131.513592875,1.00013151365,1.1994,0.07051,5.63396184154e+40,9.32076337401e-05
565,131.52621628,1.00013152627,1.1994,0.06706,5.63412560078e+40,9.32103411897e-05
566,131.537924632,1.00013153798,1.1994,0.06706,5.63427370391e+40,9.32127897544e-05
567,131.549632983,1.00013154969,1.1994,0.06706,5.63442180703e+40,9.32152383191e-05
568,131.561341335,1.0001315614,1.1994,0.06706,5.63456991016e+40,9.32176868836e-05
569,131.573049687,1.0001315731,1.1994,0.06706,5.63471801329e+40,9.3220135448e-05
570,131.584758039,1.00013158481,1.1994,0.06706,5.63486611641e+40,9.32225840124e-05
571,131.596466391,1.00013159652,1.1994,0.06706,5.63501421954e+40,9.32250325767e-05
572,131.608174743,1.00013160823,1.1994,0.06706,5.63516232267e+40,9.32274811409e-05
573,131.619883095,1.00013161994,1.1994,0.06706,5.63531042579e+40,9.3229929705e-05
574,131.631591447,1.00013163164,1.1994,0.06706,5.63545852892e+40,9.3232378269e-05
575,131.643299799,1.00013164335,1.1994,0.06377,5.63560663205e+40,9.32348268329e-05
576,131.654157179,1.00013165421,1.1994,0.06377,5.63574057586e+40,9.32370412655e-05
577,131.66501456,1.00013166507,1.1994,0.06377,5.63587451967e+40,9.3239255698e-05
578,131.675871941,1.00013167593,1.1994,0.06377,5.63600846348e+40,9.32414701305e-05
579,131.686729322,1.00013168678,1.1994,0.06377,5.63614240729e+40,9.32436845629e-05
580,131.697586702,1.00013169764,1.1994,0.06377,5.6362763511e+40,9.32458989952e-05
581,131.708444083,1.0001317085,1.1994,0.06377,5.63641029491e+40,9.32481134275e-05
582,131.719301464,1.00013171936,1.1994,0.06377,5.63654423872e+40,9.32503278596e-05
583,131.730158845,1.00013173022,1.1994,0.06377,5.63667818253e+40,9.32525422917e-05
584,131.741016226,1.00013174107,1.1994,0.06065,5.63681212634e+40,9.32547567238e-05
585,131.751086624,1.00013175114,1.1994,0.06065,5.63693326453e+40,9.32567594113e-05
586,131.761157022,1.00013176121,1.1994,0.06065,5.63705440272e+40,9.32587620988e-05
587,131.771227421,1.00013177128,1.1994,0.06065,5.63717554091e+40,9.32607647862e-05
588,131.781297819,1.00013178135,1.1994,0.06065,5.6372966791e+40,9.32627674735e-05
589,131.791368217,1.00013179142,1.1994,0.06065,5.63741781729e+40,9.32647701608e-05
590,131.801438616,1.00013180149,1.1994,0.06065,5.63753895548e+40,9.3266772848e-05
591,131.811509014,1.00013181156,1.1994,0.06065,5.63766009367e+40,9.32687755352e-05
592,131.821579413,1.00013182163,1.1994,0.06065,5.63778123186e+40,9.32707782223e-05
593,131.831649811,1.0001318317,1.1994,0.06065,5.63790237005e+40,9.32727809094e-05
594,131.841720209,1.00013184177,1.1994,0.05768,5.63802350824e+40,9.32747835963e-05
595,131.851060025,1.00013185111,1.1994,0.05768,5.63813306508e+40,9.32765947852e-05
596,131.860399841,1.00013186045,1.1994,0.05768,5.63824262193e+40,9.32784059739e-05
597,131.869739657,1.00013186979,1.1994,0.05768,5.63835217877e+40,9.32802171627e-05
598,131.879079473,1.00013187913,1.1994,0.05768,5.63846173562e+40,9.32820283513e-05
599,131.888419289,1.00013188847,1.1994,0.05768,5.63857129247e+40,9.32838395399e-05
600,131.897759105,1.00013189781,1.1994,0.05768,5.63868084931e+40,9.32856507285e-05
601,131.907098921,1.00013190714,1.1994,0.05768,5.63879040616e+40,9.3287461917e-05
602,131.916438737,1.00013191648,1.1994,0.05768,5.638899963e+40,9.32892731055e-05
603,131.925778553,1.00013192582,1.1994,0.05768,5.63900951985e+40,9.32910842939e-05
604,131.935118369,1.00013193516,1.1994,0.05485,5.63911907669e+40,9.32928954823e-05
605,131.943779317,1.00013194382,1.1994,0.05485,5.63921815942e+40,9.3294533483e-05
606,131.952440264,1.00013195248,1.1994,0.05485,5.63931724215e+40,9.32961714836e-05
607,131.961101211,1.00013196114,1.1994,0.05485,5.63941632488e+40,9.32978094842e-05
608,131.969762158,1.0001319698,1.1994,0.05485,5.63951540761e+40,9.32994474848e-05
609,131.978423105,1.00013197847,1.1994,0.05485,5.63961449034e+40,9.33010854853e-05
610,131.987084053,1.00013198713,1.1994,0.05485,5.63971357307e+40,9.33027234858e-05
611,131.995745,1.00013199579,1.1994,0.05485,5.6398126558e+40,9.33043614862e-05
612,132.004405947,1.00013200445,1.1994,0.05485,5.63991173853e+40,9.33059994866e-05
613,132.013066894,1.00013201311,1.1994,0.05216,5.64001082126e+40,9.3307637487e-05
614,132.021098582,1.00013202114,1.1994,0.05216,5.64010043125e+40,9.33091188594e-05
615,132.02913027,1.00013202917,1.1994,0.05216,5.64019004124e+40,9.33106002318e-05
616,132.037161958,1.00013203721,1.1994,0.05216,5.64027965123e+40,9.33120816042e-05
617,132.045193645,1.00013204524,1.1994,0.05216,5.64036926121e+40,9.33135629765e-05
618,132.053225333,1.00013205327,1.1994,0.05216,5.6404588712e+40,9.33150443488e-05
619,132.061257021,1.0001320613,1.1994,0.05216,5.64054848119e+40,9.3316525721e-05
620,132.069288709,1.00013206933,1.1994,0.05216,5.64063809117e+40,9.33180070932e-05
621,132.077320396,1.00013207737,1.1994,0.05216,5.64072770116e+40,9.33194884654e-05
622,132.085352084,1.0001320854,1.1994,0.05216,5.64081731115e+40,9.33209698375e-05
623,132.093383772,1.00013209343,1.1994,0.04961,5.64090692114e+40,9.33224512096e-05
624,132.100833738,1.00013210088,1.1994,0.04961,5.64098796402e+40,9.33237909302e-05
625,132.108283704,1.00013210833,1.1994,0.04961,5.6410690069e+40,9.33251306507e-05
626,132.11573367,1.00013211578,1.1994,0.04961,5.64115004978e+40,9.33264703712e-05
627,132.123183636,1.00013212323,1.1994,0.04961,5.64123109266e+40,9.33278100917e-05
628,132.130633601,1.00013213068,1.1994,0.04961,5.64131213554e+40,9.33291498122e-05
629,132.138083567,1.00013213812,1.1994,0.04961,5.64139317843e+40,9.33304895326e-05
630,132.145533533,1.00013214557,1.1994,0.04961,5.64147422131e+40,9.3331829253e-05
631,132.152983499,1.00013215302,1.1994,0.04961,5.64155526419e+40,9.33331689733e-05
632,132.160433465,1.00013216047,1.1993,0.04718,5.64163630707e+40,9.33345086936e-05
633,132.167342974,1.00013216738,1.1993,0.04718,5.6417096019e+40,9.33357203068e-05
634,132.174252484,1.00013217429,1.1993,0.04718,5.64178289673e+40,9.333693192e-05
635,132.181161994,1.0001321812,1.1993,0.04718,5.64185619156e+40,9.33381435332e-05
636,132.188071503,1.0001321881,1.1993,0.04718,5.64192948639e+40,9.33393551463e-05
637,132.194981013,1.00013219501,1.1993,0.04718,5.64200278122e+40,9.33405667594e-05
638,132.201890522,1.00013220192,1.1993,0.04718,5.64207607605e+40,9.33417783725e-05
639,132.208800032,1.00013220883,1.1993,0.04718,5.64214937087e+40,9.33429899856e-05
640,132.215709541,1.00013221574,1.1993,0.04718,5.6422226657e+40,9.33442015986e-05
641,132.222619051,1.00013222265,1.1993,0.04486,5.64229596053e+40,9.33454132116e-05
642,132.229025232,1.00013222905,1.1993,0.04486,5.64236224806e+40,9.33465089669e-05
643,132.235431413,1.00013223546,1.1993,0.04486,5.64242853558e+40,9.33476047222e-05
644,132.241837594,1.00013224187,1.1993,0.04486,5.64249482311e+40,9.33487004774e-05
645,132.248243776,1.00013224827,1.1993,0.04486,5.64256111064e+40,9.33497962326e-05
646,132.254649957,1.00013225468,1.1993,0.04486,5.64262739816e+40,9.33508919878e-05
647,132.261056138,1.00013226109,1.1993,0.04486,5.64269368569e+40,9.33519877429e-05
648,132.267462319,1.00013226749,1.1993,0.04486,5.64275997321e+40,9.33530834981e-05
649,132.273868501,1.0001322739,1.1993,0.04486,5.64282626074e+40,9.33541792532e-05
650,132.280274682,1.00013228031,1.1993,0.04486,5.64289254826e+40,9.33552750083e-05
651,132.286680863,1.00013228671,1.1993,0.04486,5.64295883579e+40,9.33563707634e-05
652,132.293087044,1.00013229312,1.1993,0.04266,5.64302512331e+40,9.33574665185e-05
653,132.299027799,1.00013229906,1.1993,0.04266,5.64308507346e+40,9.33584574939e-05
654,132.304968553,1.000132305,1.1993,0.04266,5.64314502361e+40,9.33594484694e-05
655,132.310909307,1.00013231095,1.1993,0.04266,5.64320497377e+40,9.33604394448e-05
656,132.316850062,1.00013231689,1.1993,0.04266,5.64326492392e+40,9.33614304202e-05
657,132.322790816,1.00013232283,1.1993,0.04266,5.64332487407e+40,9.33624213956e-05
658,132.32873157,1.00013232877,1.1993,0.04266,5.64338482422e+40,9.3363412371e-05
659,132.334672324,1.00013233471,1.1993,0.04266,5.64344477437e+40,9.33644033464e-05
660,132.340613079,1.00013234065,1.1993,0.04057,5.64350472452e+40,9.33653943217e-05
661,132.34612265,1.00013234617,1.1993,0.04057,5.64355894318e+40,9.33662905364e-05
662,132.351632222,1.00013235168,1.1993,0.04057,5.64361316183e+40,9.3367186751e-05
663,132.357141793,1.00013235719,1.1993,0.04057,5.64366738049e+40,9.33680829657e-05
664,132.362651365,1.0001323627,1.1993,0.04057,5.64372159915e+40,9.33689791803e-05
665,132.368160937,1.00013236821,1.1993,0.04057,5.64377581781e+40,9.33698753949e-05
666,132.373670508,1.00013237372,1.1993,0.04057,5.64383003646e+40,9.33707716095e-05
667,132.37918008,1.00013237923,1.1993,0.04057,5.64388425512e+40,9.3371667824e-05
668,132.384689651,1.00013238474,1.1993,0.04057,5.64393847378e+40,9.33725640386e-05
669,132.390199223,1.00013239025,1.1993,0.04057,5.64399269244e+40,9.33734602531e-05
670,132.395708794,1.00013239576,1.1993,0.04057,5.64404691109e+40,9.33743564677e-05
671,132.401218366,1.00013240127,1.1993,0.03859,5.64410112975e+40,9.33752526822e-05
672,132.406329561,1.00013240638,1.1993,0.03859,5.64415016487e+40,9.33760631969e-05
673,132.411440757,1.00013241149,1.1993,0.03859,5.64419919999e+40,9.33768737117e-05
674,132.416551952,1.0001324166,1.1993,0.03859,5.64424823511e+40,9.33776842264e-05
675,132.421663147,1.00013242171,1.1993,0.03859,5.64429727023e+40,9.33784947412e-05
676,132.426774343,1.00013242682,1.1993,0.03859,5.64434630535e+40,9.33793052559e-05
677,132.431885538,1.00013243193,1.1993,0.03859,5.64439534047e+40,9.33801157706e-05
678,132.436996734,1.00013243704,1.1993,0.03859,5.64444437559e+40,9.33809262853e-05
679,132.442107929,1.00013244215,1.1993,0.0367,5.64449341071e+40,9.33817368e-05
680,132.446848268,1.00013244689,1.1993,0.0367,5.64453775786e+40,9.33824698095e-05
681,132.451588607,1.00013245163,1.1993,0.0367,5.64458210501e+40,9.3383202819e-05
682,132.456328946,1.00013245637,1.1993,0.0367,5.64462645216e+40,9.33839358285e-05
683,132.461069286,1.00013246111,1.1993,0.0367,5.64467079932e+40,9.3384668838e-05
684,132.465809625,1.00013246585,1.1993,0.0367,5.64471514647e+40,9.33854018474e-05
685,132.470549964,1.00013247059,1.1993,0.0367,5.64475949362e+40,9.33861348569e-05
686,132.475290303,1.00013247533,1.1993,0.0367,5.64480384077e+40,9.33868678664e-05
687,132.480030642,1.00013248007,1.1993,0.0367,5.64484818792e+40,9.33876008758e-05
688,132.484770981,1.00013248481,1.1993,0.0367,5.64489253507e+40,9.33883338852e-05
689,132.48951132,1.00013248955,1.1993,0.0367,5.64493688222e+40,9.33890668946e-05
690,132.494251659,1.00013249428,1.1993,0.0349,5.64498122938e+40,9.3389799904e-05
691,132.498647566,1.00013249868,1.1993,0.0349,5.64502133675e+40,9.33904628193e-05
692,132.503043473,1.00013250308,1.1993,0.0349,5.64506144412e+40,9.33911257346e-05
693,132.507439379,1.00013250747,1.1993,0.0349,5.64510155149e+40,9.33917886498e-05
694,132.511835286,1.00013251187,1.1993,0.0349,5.64514165887e+40,9.33924515651e-05
695,132.516231192,1.00013251626,1.1993,0.0349,5.64518176624e+40,9.33931144803e-05
696,132.520627099,1.00013252066,1.1993,0.0349,5.64522187361e+40,9.33937773956e-05
697,132.525023006,1.00013252505,1.1993,0.0349,5.64526198099e+40,9.33944403108e-05
698,132.529418912,1.00013252945,1.1993,0.0349,5.64530208836e+40,9.3395103226e-05
699,132.533814819,1.00013253384,1.1993,0.03319,5.64534219573e+40,9.33957661412e-05
700,132.537891636,1.00013253792,1.1993,0.03319,5.64537846867e+40,9.33963656647e-05
701,132.541968452,1.000132542,1.1993,0.03319,5.64541474161e+40,9.33969651882e-05
702,132.546045269,1.00013254607,1.1993,0.03319,5.64545101454e+40,9.33975647117e-05
703,132.550122086,1.00013255015,1.1993,0.03319,5.64548728748e+40,9.33981642351e-05
704,132.554198903,1.00013255422,1.1993,0.03319,5.64552356042e+40,9.33987637586e-05
705,132.55827572,1.0001325583,1.1993,0.03319,5.64555983335e+40,9.33993632821e-05
706,132.562352536,1.00013256238,1.1993,0.03319,5.64559610629e+40,9.33999628055e-05
707,132.566429353,1.00013256645,1.1993,0.03319,5.64563237922e+40,9.34005623289e-05
708,132.57050617,1.00013257053,1.1993,0.03156,5.64566865216e+40,9.34011618524e-05
709,132.574286379,1.00013257431,1.1993,0.03156,5.64570145725e+40,9.34017040457e-05
710,132.578066588,1.00013257809,1.1993,0.03156,5.64573426234e+40,9.34022462389e-05
711,132.581846797,1.00013258187,1.1993,0.03156,5.64576706743e+40,9.34027884322e-05
712,132.585627006,1.00013258565,1.1993,0.03156,5.64579987251e+40,9.34033306255e-05
713,132.589407215,1.00013258943,1.1993,0.03156,5.6458326776e+40,9.34038728187e-05
714,132.593187424,1.00013259321,1.1993,0.03156,5.64586548269e+40,9.3404415012e-05
715,132.596967633,1.00013259699,1.1993,0.03156,5.64589828778e+40,9.34049572052e-05
716,132.600747842,1.00013260077,1.1993,0.03156,5.64593109287e+40,9.34054993985e-05
717,132.604528051,1.00013260455,1.1993,0.03156,5.64596389795e+40,9.34060415917e-05
718,132.60830826,1.00013260833,1.1993,0.03156,5.64599670304e+40,9.34065837849e-05
719,132.612088469,1.00013261211,1.1993,0.03001,5.64602950813e+40,9.34071259781e-05
720,132.61559364,1.00013261562,1.1993,0.03001,5.64605917691e+40,9.34076163232e-05
721,132.619098812,1.00013261912,1.1993,0.03001,5.64608884569e+40,9.34081066682e-05
722,132.622603984,1.00013262263,1.1993,0.03001,5.64611851448e+40,9.34085970132e-05
723,132.626109156,1.00013262614,1.1993,0.03001,5.64614818326e+40,9.34090873583e-05
724,132.629614328,1.00013262964,1.1993,0.03001,5.64617785204e+40,9.34095777033e-05
725,132.633119499,1.00013263315,1.1993,0.03001,5.64620752082e+40,9.34100680483e-05
726,132.636624671,1.00013263665,1.1993,0.03001,5.6462371896e+40,9.34105583933e-05
727,132.640129843,1.00013264016,1.1992,0.02854,5.64626685838e+40,9.34110487383e-05
728,132.643380725,1.00013264341,1.1992,0.02854,5.6462936907e+40,9.34114921929e-05
729,132.646631606,1.00013264666,1.1992,0.02854,5.64632052302e+40,9.34119356476e-05
730,132.649882488,1.00013264991,1.1992,0.02854,5.64634735534e+40,9.34123791022e-05
731,132.653133369,1.00013265317,1.1992,0.02854,5.64637418766e+40,9.34128225568e-05
732,132.656384251,1.00013265642,1.1992,0.02854,5.64640101998e+40,9.34132660114e-05
733,132.659635132,1.00013265967,1.1992,0.02854,5.6464278523e+40,9.3413709466e-05
734,132.662886014,1.00013266292,1.1992,0.02854,5.64645468462e+40,9.34141529206e-05
735,132.666136895,1.00013266617,1.1992,0.02854,5.64648151694e+40,9.34145963752e-05
736,132.669387777,1.00013266942,1.1992,0.02854,5.64650834926e+40,9.34150398297e-05
737,132.672638658,1.00013267267,1.1992,0.02714,5.64653518158e+40,9.34154832843e-05
738,132.675653295,1.00013267569,1.1992,0.02714,5.64655944861e+40,9.34158843323e-05
739,132.678667931,1.0001326787,1.1992,0.02714,5.64658371565e+40,9.34162853802e-05
740,132.681682568,1.00013268172,1.1992,0.02714,5.64660798268e+40,9.34166864282e-05
741,132.684697204,1.00013268474,1.1992,0.02714,5.64663224972e+40,9.34170874761e-05
742,132.687711841,1.00013268775,1.1992,0.02714,5.64665651675e+40,9.3417488524e-05
743,132.690726477,1.00013269077,1.1992,0.02714,5.64668078379e+40,9.3417889572e-05
744,132.693741114,1.00013269378,1.1992,0.02714,5.64670505083e+40,9.34182906199e-05
745,132.69675575,1.0001326968,1.1992,0.02714,5.64672931786e+40,9.34186916678e-05
746,132.699770387,1.00013269981,1.1992,0.02714,5.6467535849e+40,9.34190927157e-05
747,132.702785023,1.00013270283,1.1992,0.02581,5.64677785193e+40,9.34194937636e-05
748,132.705580798,1.00013270562,1.1992,0.02581,5.64679979893e+40,9.34198564599e-05
749,132.708376573,1.00013270842,1.1992,0.02581,5.64682174594e+40,9.34202191562e-05
750,132.711172348,1.00013271122,1.1992,0.02581,5.64684369294e+40,9.34205818525e-05
751,132.713968123,1.00013271401,1.1992,0.02581,5.64686563994e+40,9.34209445488e-05
752,132.716763898,1.00013271681,1.1992,0.02581,5.64688758695e+40,9.34213072451e-05
753,132.719559673,1.00013271961,1.1992,0.02581,5.64690953395e+40,9.34216699414e-05
754,132.722355447,1.0001327224,1.1992,0.02581,5.64693148095e+40,9.34220326377e-05
755,132.725151222,1.0001327252,1.1992,0.02581,5.64695342796e+40,9.3422395334e-05
756,132.727946997,1.000132728,1.1992,0.02581,5.64697537496e+40,9.34227580303e-05
757,132.730742772,1.00013273079,1.1992,0.02455,5.64699732196e+40,9.34231207265e-05
758,132.733336339,1.00013273339,1.1992,0.02455,5.64701717074e+40,9.34234487385e-05
759,132.735929906,1.00013273598,1.1992,0.02455,5.64703701952e+40,9.34237767504e-05
760,132.738523472,1.00013273857,1.1992,0.02455,5.64705686829e+40,9.34241047624e-05
761,132.741117039,1.00013274117,1.1992,0.02455,5.64707671707e+40,9.34244327743e-05
762,132.743710606,1.00013274376,1.1992,0.02455,5.64709656585e+40,9.34247607863e-05
763,132.746304173,1.00013274635,1.1992,0.02455,5.64711641462e+40,9.34250887982e-05
764,132.748897739,1.00013274895,1.1992,0.02455,5.6471362634e+40,9.34254168101e-05
765,132.751491306,1.00013275154,1.1992,0.02335,5.64715611218e+40,9.34257448221e-05
766,132.753897056,1.00013275394,1.1992,0.02335,5.64717406333e+40,9.34260414663e-05
767,132.756302806,1.00013275635,1.1992,0.02335,5.64719201448e+40,9.34263381105e-05
768,132.758708557,1.00013275876,1.1992,0.02335,5.64720996562e+40,9.34266347548e-05
769,132.761114307,1.00013276116,1.1992,0.02335,5.64722791677e+40,9.3426931399e-05
770,132.763520057,1.00013276357,1.1992,0.02335,5.64724586792e+40,9.34272280432e-05
771,132.765925807,1.00013276597,1.1992,0.02335,5.64726381907e+40,9.34275246874e-05
772,132.768331557,1.00013276838,1.1992,0.02335,5.64728177022e+40,9.34278213317e-05
773,132.770737307,1.00013277078,1.1992,0.02335,5.64729972137e+40,9.34281179759e-05
774,132.773143057,1.00013277319,1.1992,0.02335,5.64731767252e+40,9.34284146201e-05
775,132.775548807,1.00013277559,1.1992,0.02335,5.64733562367e+40,9.34287112643e-05
776,132.777954558,1.000132778,1.1992,0.02335,5.64735357482e+40,9.34290079085e-05
777,132.780360308,1.0001327804,1.1992,0.0222,5.64737152597e+40,9.34293045527e-05
778,132.782590538,1.00013278263,1.1992,0.0222,5.64738776091e+40,9.34295728287e-05
779,132.784820768,1.00013278486,1.1992,0.0222,5.64740399585e+40,9.34298411047e-05
780,132.787050998,1.00013278709,1.1992,0.0222,5.6474202308e+40,9.34301093808e-05
781,132.789281228,1.00013278932,1.1992,0.0222,5.64743646574e+40,9.34303776568e-05
782,132.791511458,1.00013279155,1.1992,0.0222,5.64745270068e+40,9.34306459328e-05
783,132.793741688,1.00013279379,1.1992,0.0222,5.64746893563e+40,9.34309142088e-05
784,132.795971918,1.00013279602,1.1992,0.0222,5.64748517057e+40,9.34311824848e-05
785,132.798202148,1.00013279825,1.1992,0.0222,5.64750140551e+40,9.34314507608e-05
786,132.800432378,1.00013280048,1.1992,0.02111,5.64751764046e+40,9.34317190367e-05
787,132.802500387,1.00013280255,1.1992,0.02111,5.64753232327e+40,9.34319616572e-05
788,132.804568397,1.00013280461,1.1992,0.02111,5.64754700608e+40,9.34322042777e-05
789,132.806636406,1.00013280668,1.1992,0.02111,5.6475616889e+40,9.34324468982e-05
790,132.808704416,1.00013280875,1.1992,0.02111,5.64757637171e+40,9.34326895187e-05
791,132.810772425,1.00013281082,1.1992,0.02111,5.64759105452e+40,9.34329321391e-05
792,132.812840435,1.00013281289,1.1992,0.02111,5.64760573734e+40,9.34331747596e-05
793,132.814908444,1.00013281496,1.1992,0.02111,5.64762042015e+40,9.34334173801e-05
794,132.816976454,1.00013281703,1.1992,0.02111,5.64763510297e+40,9.34336600005e-05
795,132.819044464,1.00013281909,1.1992,0.02111,5.64764978578e+40,9.3433902621e-05
796,132.821112473,1.00013282116,1.1992,0.02008,5.64766446859e+40,9.34341452415e-05
797,132.823030991,1.00013282308,1.1992,0.02008,5.64767774767e+40,9.34343646597e-05
798,132.824949508,1.000132825,1.1992,0.02008,5.64769102674e+40,9.3434584078e-05
799,132.826868025,1.00013282692,1.1992,0.02008,5.64770430582e+40,9.34348034962e-05
800,132.828786543,1.00013282884,1.1992,0.02008,5.64771758489e+40,9.34350229145e-05
801,132.83070506,1.00013283076,1.1992,0.02008,5.64773086397e+40,9.34352423327e-05
802,132.832623578,1.00013283267,1.1992,0.02008,5.64774414304e+40,9.34354617509e-05
803,132.834542095,1.00013283459,1.1992,0.02008,5.64775742212e+40,9.34356811692e-05
804,132.836460613,1.00013283651,1.1992,0.02008,5.64777070119e+40,9.34359005874e-05
805,132.83837913,1.00013283843,1.1992,0.02008,5.64778398027e+40,9.34361200057e-05
806,132.840297647,1.00013284035,1.1992,0.02008,5.64779725934e+40,9.34363394239e-05
807,132.842216165,1.00013284227,1.1992,0.02008,5.64781053841e+40,9.34365588421e-05
808,132.844134682,1.00013284419,1.1992,0.02008,5.64782381749e+40,9.34367782604e-05
809,132.8460532,1.0001328461,1.1992,0.02008,5.64783709656e+40,9.34369976786e-05
810,132.847971717,1.00013284802,1.1992,0.02008,5.64785037564e+40,9.34372170968e-05
811,132.849890235,1.00013284994,1.1992,0.02008,5.64786365471e+40,9.34374365151e-05
812,132.851808752,1.00013285186,1.1992,0.02008,5.64787693379e+40,9.34376559333e-05
813,132.85372727,1.00013285378,1.1992,0.02008,5.64789021286e+40,9.34378753515e-05
814,132.855645787,1.0001328557,1.1992,0.02008,5.64790349194e+40,9.34380947698e-05
815,132.857564304,1.00013285761,1.1992,0.02008,5.64791677101e+40,9.3438314188e-05
816,132.859482822,1.00013285953,1.1992,0.02008,5.64793005009e+40,9.34385336062e-05
817,132.861401339,1.00013286145,1.1991,0.01834,5.64794332916e+40,9.34387530244e-05
818,132.863076009,1.00013286313,1.1991,0.01834,5.64795441103e+40,9.34389361266e-05
819,132.864750678,1.0001328648,1.1991,0.01834,5.64796549291e+40,9.34391192287e-05
820,132.866425347,1.00013286648,1.1991,0.01834,5.64797657478e+40,9.34393023309e-05
821,132.868100017,1.00013286815,1.1991,0.01834,5.64798765665e+40,9.3439485433e-05
822,132.869774686,1.00013286983,1.1991,0.01834,5.64799873852e+40,9.34396685351e-05
823,132.871449355,1.0001328715,1.1991,0.01834,5.6480098204e+40,9.34398516373e-05
824,132.873124024,1.00013287318,1.1991,0.01834,5.64802090227e+40,9.34400347394e-05
825,132.874798694,1.00013287485,1.1991,0.01834,5.64803198414e+40,9.34402178415e-05
826,132.876473363,1.00013287653,1.1991,0.01834,5.64804306601e+40,9.34404009437e-05
827,132.878148032,1.0001328782,1.1991,0.01834,5.64805414789e+40,9.34405840458e-05
828,132.879822702,1.00013287988,1.1991,0.01834,5.64806522976e+40,9.34407671479e-05
829,132.881497371,1.00013288155,1.1991,0.01834,5.64807631163e+40,9.344095025e-05
830,132.88317204,1.00013288323,1.1991,0.01834,5.64808739351e+40,9.34411333522e-05
831,132.88484671,1.0001328849,1.1991,0.01834,5.64809847538e+40,9.34413164543e-05
832,132.886521379,1.00013288658,1.1991,0.01834,5.64810955725e+40,9.34414995564e-05
833,132.888196048,1.00013288825,1.1991,0.01834,5.64812063912e+40,9.34416826585e-05
834,132.889870718,1.00013288993,1.1991,0.01834,5.648131721e+40,9.34418657607e-05
835,132.891545387,1.0001328916,1.1991,0.01834,5.64814280287e+40,9.34420488628e-05
836,132.893220056,1.00013289328,1.1991,0.01834,5.64815388474e+40,9.34422319649e-05
837,132.894894725,1.00013289495,1.1991,0.01834,5.64816496661e+40,9.3442415067e-05
838,132.896569395,1.00013289663,1.1991,0.01834,5.64817604849e+40,9.34425981692e-05
839,132.898244064,1.0001328983,1.1991,0.01834,5.64818713036e+40,9.34427812713e-05
840,132.899918733,1.00013289998,1.1991,0.01834,5.64819821223e+40,9.34429643734e-05
841,132.901593403,1.00013290165,1.1991,0.01834,5.6482092941e+40,9.34431474755e-05
842,132.903268072,1.00013290333,1.1991,0.01834,5.64822037598e+40,9.34433305776e-05
843,132.904942741,1.000132905,1.1991,0.01834,5.64823145785e+40,9.34435136797e-05
844,132.906617411,1.00013290668,1.1991,0.01834,5.64824253972e+40,9.34436967819e-05
845,132.90829208,1.00013290836,1.1991,0.01834,5.64825362159e+40,9.3443879884e-05
846,132.909966749,1.00013291003,1.1991,0.01834,5.64826470347e+40,9.34440629861e-05
847,132.911641418,1.00013291171,1.1991,0.01659,5.64827578534e+40,9.34442460882e-05
848,132.913082205,1.00013291315,1.1991,0.01659,5.64828484955e+40,9.34443958433e-05
849,132.914522992,1.00013291459,1.1991,0.01659,5.64829391377e+40,9.34445455985e-05
850,132.915963778,1.00013291603,1.1991,0.01659,5.64830297799e+40,9.34446953536e-05
851,132.917404565,1.00013291747,1.1991,0.01659,5.6483120422e+40,9.34448451087e-05
852,132.918845351,1.00013291891,1.1991,0.01659,5.64832110642e+40,9.34449948638e-05
853,132.920286138,1.00013292035,1.1991,0.01659,5.64833017063e+40,9.3445144619e-05
854,132.921726924,1.00013292179,1.1991,0.01659,5.64833923485e+40,9.34452943741e-05
855,132.923167711,1.00013292323,1.1991,0.01659,5.64834829906e+40,9.34454441292e-05
856,132.924608497,1.00013292467,1.1991,0.01659,5.64835736328e+40,9.34455938843e-05
857,132.926049284,1.00013292611,1.1991,0.01659,5.64836642749e+40,9.34457436395e-05
858,132.92749007,1.00013292755,1.1991,0.01659,5.64837549171e+40,9.34458933946e-05
859,132.928930857,1.00013292899,1.1991,0.01659,5.64838455592e+40,9.34460431497e-05
860,132.930371643,1.00013293043,1.1991,0.01659,5.64839362014e+40,9.34461929048e-05
861,132.93181243,1.00013293188,1.1991,0.01659,5.64840268435e+40,9.344634266e-05
862,132.933253217,1.00013293332,1.1991,0.01659,5.64841174857e+40,9.34464924151e-05
863,132.934694003,1.00013293476,1.1991,0.01659,5.64842081278e+40,9.34466421702e-05
864,132.93613479,1.0001329362,1.1991,0.01659,5.648429877e+40,9.34467919253e-05
865,132.937575576,1.00013293764,1.1991,0.01659,5.64843894121e+40,9.34469416804e-05
866,132.939016363,1.00013293908,1.1991,0.01659,5.64844800543e+40,9.34470914356e-05
867,132.940457149,1.00013294052,1.1991,0.01659,5.64845706964e+40,9.34472411907e-05
868,132.941897936,1.00013294196,1.1991,0.01659,5.64846613386e+40,9.34473909458e-05
869,132.943338722,1.0001329434,1.1991,0.01659,5.64847519807e+40,9.34475407009e-05
870,132.944779509,1.00013294484,1.1991,0.01659,5.64848426229e+40,9.3447690456e-05
871,132.946220295,1.00013294628,1.1991,0.01659,5.6484933265e+40,9.34478402111e-05
872,132.947661082,1.00013294772,1.1991,0.01659,5.64850239072e+40,9.34479899662e-05
873,132.949101868,1.00013294916,1.1991,0.01659,5.64851145494e+40,9.34481397214e-05
874,132.950542655,1.00013295061,1.1991,0.015,5.64852051915e+40,9.34482894765e-05
875,132.951781357,1.00013295184,1.1991,0.015,5.64852793306e+40,9.34484119574e-05
876,132.95302006,1.00013295308,1.1991,0.015,5.64853534697e+40,9.34485344384e-05
877,132.954258762,1.00013295432,1.1991,0.015,5.64854276088e+40,9.34486569193e-05
878,132.955497464,1.00013295556,1.1991,0.015,5.64855017479e+40,9.34487794003e-05
879,132.956736167,1.0001329568,1.1991,0.015,5.6485575887e+40,9.34489018812e-05
880,132.957974869,1.00013295804,1.1991,0.015,5.64856500261e+40,9.34490243622e-05
881,132.959213571,1.00013295928,1.1991,0.015,5.64857241652e+40,9.34491468431e-05
882,132.960452274,1.00013296052,1.1991,0.015,5.64857983042e+40,9.3449269324e-05
883,132.961690976,1.00013296176,1.1991,0.015,5.64858724433e+40,9.3449391805e-05
884,132.962929678,1.000132963,1.1991,0.015,5.64859465824e+40,9.34495142859e-05
885,132.964168381,1.00013296424,1.1991,0.015,5.64860207215e+40,9.34496367669e-05
886,132.965407083,1.00013296548,1.1991,0.015,5.64860948606e+40,9.34497592478e-05
887,132.966645785,1.00013296671,1.1991,0.015,5.64861689997e+40,9.34498817288e-05
888,132.967884488,1.00013296795,1.1991,0.015,5.64862431388e+40,9.34500042097e-05
889,132.96912319,1.00013296919,1.1991,0.015,5.64863172779e+40,9.34501266907e-05
890,132.970361892,1.00013297043,1.1991,0.015,5.6486391417e+40,9.34502491716e-05
891,132.971600594,1.00013297167,1.1991,0.015,5.64864655561e+40,9.34503716525e-05
892,132.972839297,1.00013297291,1.1991,0.015,5.64865396952e+40,9.34504941335e-05
893,132.974077999,1.00013297415,1.1991,0.015,5.64866138343e+40,9.34506166144e-05
894,132.975316701,1.00013297539,1.1991,0.015,5.64866879734e+40,9.34507390954e-05
895,132.976555404,1.00013297663,1.1991,0.015,5.64867621125e+40,9.34508615763e-05
896,132.977794106,1.00013297787,1.1991,0.015,5.64868362516e+40,9.34509840572e-05
897,132.979032808,1.00013297911,1.1991,0.015,5.64869103906e+40,9.34511065382e-05
898,132.980271511,1.00013298035,1.1991,0.015,5.64869845297e+40,9.34512290191e-05
899,132.981510213,1.00013298158,1.1991,0.015,5.64870586688e+40,9.34513515e-05
900,132.982748915,1.00013298282,1.1991,0.015,5.64871328079e+40,9.3451473981e-05
901,132.983987618,1.00013298406,1.1991,0.015,5.6487206947e+40,9.34515964619e-05
902,132.98522632,1.0001329853,1.1991,0.015,5.64872810861e+40,9.34517189429e-05
903,132.986465022,1.00013298654,1.1991,0.015,5.64873552252e+40,9.34518414238e-05
904,132.987703725,1.00013298778,1.1991,0.015,5.64874293643e+40,9.34519639047e-05
905,132.988942427,1.00013298902,1.1991,0.015,5.64875035034e+40,9.34520863857e-05
906,132.990181129,1.00013299026,1.1991,0.01357,5.64875776425e+40,9.34522088666e-05
907,132.991246989,1.00013299132,1.1991,0.01357,5.64876382832e+40,9.34523090403e-05
908,132.992312848,1.00013299239,1.1991,0.01357,5.64876989239e+40,9.3452409214e-05
909,132.993378707,1.00013299346,1.1991,0.01357,5.64877595646e+40,9.34525093878e-05
910,132.994444566,1.00013299452,1.1991,0.01357,5.64878202054e+40,9.34526095615e-05
911,132.995510425,1.00013299559,1.1991,0.01357,5.64878808461e+40,9.34527097352e-05
912,132.996576284,1.00013299665,1.1991,0.01357,5.64879414868e+40,9.34528099089e-05
913,132.997642144,1.00013299772,1.1991,0.01357,5.64880021275e+40,9.34529100827e-05
914,132.998708003,1.00013299878,1.1991,0.01357,5.64880627682e+40,9.34530102564e-05
915,132.999773862,1.00013299985,1.1991,0.01357,5.6488123409e+40,9.34531104301e-05
916,133.000839721,1.00013300092,1.1991,0.01357,5.64881840497e+40,9.34532106038e-05
917,133.00190558,1.00013300198,1.1991,0.01357,5.64882446904e+40,9.34533107775e-05
918,133.00297144,1.00013300305,1.1991,0.01357,5.64883053311e+40,9.34534109513e-05
919,133.004037299,1.00013300411,1.1991,0.01357,5.64883659718e+40,9.3453511125e-05
920,133.005103158,1.00013300518,1.1991,0.01357,5.64884266125e+40,9.34536112987e-05
921,133.006169017,1.00013300625,1.1991,0.01357,5.64884872533e+40,9.34537114724e-05
922,133.007234876,1.00013300731,1.1991,0.01357,5.6488547894e+40,9.34538116461e-05
923,133.008300736,1.00013300838,1.1991,0.01357,5.64886085347e+40,9.34539118199e-05
924,133.009366595,1.00013300944,1.1991,0.01357,5.64886691754e+40,9.34540119936e-05
925,133.010432454,1.00013301051,1.1991,0.01357,5.64887298161e+40,9.34541121673e-05
926,133.011498313,1.00013301157,1.1991,0.01357,5.64887904569e+40,9.3454212341e-05
927,133.012564172,1.00013301264,1.1991,0.01357,5.64888510976e+40,9.34543125147e-05
928,133.013630032,1.00013301371,1.1991,0.01357,5.64889117383e+40,9.34544126884e-05
929,133.014695891,1.00013301477,1.1991,0.01357,5.6488972379e+40,9.34545128622e-05
930,133.01576175,1.00013301584,1.1991,0.01357,5.64890330197e+40,9.34546130359e-05
931,133.016827609,1.0001330169,1.1991,0.01357,5.64890936605e+40,9.34547132096e-05
932,133.017893468,1.00013301797,1.1991,0.01357,5.64891543012e+40,9.34548133833e-05
933,133.018959327,1.00013301903,1.1991,0.01357,5.64892149419e+40,9.3454913557e-05
934,133.020025187,1.0001330201,1.199,0.01227,5.64892755826e+40,9.34550137307e-05
935,133.020941632,1.00013302102,1.199,0.01227,5.64893251826e+40,9.34550956597e-05
936,133.021858078,1.00013302193,1.199,0.01227,5.64893747825e+40,9.34551775887e-05
937,133.022774524,1.00013302285,1.199,0.01227,5.64894243825e+40,9.34552595176e-05
938,133.02369097,1.00013302377,1.199,0.01227,5.64894739825e+40,9.34553414466e-05
939,133.024607416,1.00013302468,1.199,0.01227,5.64895235825e+40,9.34554233756e-05
940,133.025523861,1.0001330256,1.199,0.01227,5.64895731824e+40,9.34555053045e-05
941,133.026440307,1.00013302652,1.199,0.01227,5.64896227824e+40,9.34555872335e-05
942,133.027356753,1.00013302743,1.199,0.01227,5.64896723824e+40,9.34556691625e-05
943,133.028273199,1.00013302835,1.199,0.01227,5.64897219823e+40,9.34557510914e-05
944,133.029189645,1.00013302927,1.199,0.01227,5.64897715823e+40,9.34558330204e-05
945,133.03010609,1.00013303018,1.199,0.01227,5.64898211823e+40,9.34559149494e-05
946,133.031022536,1.0001330311,1.199,0.01227,5.64898707822e+40,9.34559968783e-05
947,133.031938982,1.00013303202,1.199,0.01227,5.64899203822e+40,9.34560788073e-05
948,133.032855428,1.00013303293,1.199,0.01227,5.64899699822e+40,9.34561607363e-05
949,133.033771874,1.00013303385,1.199,0.01227,5.64900195822e+40,9.34562426652e-05
950,133.034688319,1.00013303477,1.199,0.01227,5.64900691821e+40,9.34563245942e-05
951,133.035604765,1.00013303568,1.199,0.01227,5.64901187821e+40,9.34564065232e-05
952,133.036521211,1.0001330366,1.199,0.01227,5.64901683821e+40,9.34564884521e-05
953,133.037437657,1.00013303752,1.199,0.01227,5.6490217982e+40,9.34565703811e-05
954,133.038354102,1.00013303843,1.199,0.01227,5.6490267582e+40,9.345665231e-05
955,133.039270548,1.00013303935,1.199,0.01227,5.6490317182e+40,9.3456734239e-05
956,133.040186994,1.00013304027,1.199,0.0111,5.64903667819e+40,9.3456816168e-05
957,133.040975535,1.00013304106,1.199,0.0111,5.64904073513e+40,9.34568831748e-05
958,133.041764077,1.00013304184,1.199,0.0111,5.64904479207e+40,9.34569501817e-05
959,133.042552618,1.00013304263,1.199,0.0111,5.64904884901e+40,9.34570171886e-05
960,133.043341159,1.00013304342,1.199,0.0111,5.64905290595e+40,9.34570841955e-05
961,133.0441297,1.00013304421,1.199,0.0111,5.64905696289e+40,9.34571512024e-05
962,133.044918241,1.000133045,1.199,0.0111,5.64906101983e+40,9.34572182093e-05
963,133.045706783,1.00013304579,1.199,0.0111,5.64906507677e+40,9.34572852162e-05
964,133.046495324,1.00013304657,1.199,0.0111,5.64906913371e+40,9.3457352223e-05
965,133.047283865,1.00013304736,1.199,0.0111,5.64907319065e+40,9.34574192299e-05
966,133.048072406,1.00013304815,1.199,0.0111,5.64907724759e+40,9.34574862368e-05
967,133.048860948,1.00013304894,1.199,0.0111,5.64908130453e+40,9.34575532437e-05
968,133.049649489,1.00013304973,1.199,0.0111,5.64908536147e+40,9.34576202506e-05
969,133.05043803,1.00013305052,1.199,0.0111,5.6490894184e+40,9.34576872575e-05
970,133.051226571,1.0001330513,1.199,0.0111,5.64909347534e+40,9.34577542644e-05
971,133.052015113,1.00013305209,1.199,0.0111,5.64909753228e+40,9.34578212712e-05
972,133.052803654,1.00013305288,1.199,0.0111,5.64910158922e+40,9.34578882781e-05
973,133.053592195,1.00013305367,1.199,0.0111,5.64910564616e+40,9.3457955285e-05
974,133.054380736,1.00013305446,1.199,0.0111,5.6491097031e+40,9.34580222919e-05
975,133.055169277,1.00013305525,1.199,0.0111,5.64911376004e+40,9.34580892988e-05
976,133.055957819,1.00013305603,1.199,0.0111,5.64911781698e+40,9.34581563057e-05
977,133.05674636,1.00013305682,1.199,0.0111,5.64912187392e+40,9.34582233125e-05
978,133.057534901,1.00013305761,1.199,0.0111,5.64912593086e+40,9.34582903194e-05
979,133.058323442,1.0001330584,1.199,0.0111,5.6491299878e+40,9.34583573263e-05
980,133.059111984,1.00013305919,1.199,0.0111,5.64913404474e+40,9.34584243332e-05
981,133.059900525,1.00013305998,1.199,0.0111,5.64913810167e+40,9.34584913401e-05
982,133.060689066,1.00013306077,1.199,0.01004,5.64914215861e+40,9.34585583469e-05
983,133.061367395,1.00013306144,1.199,0.01004,,
984,133.062045724,1.00013306212,1.199,0.01004,,
985,133.062724054,1.0001330628,1.199,0.01004,,
986,133.063402383,1.00013306348,1.199,0.01004,,
987,133.064080712,1.00013306416,1.199,0.01004,,
988,133.064759041,1.00013306483,1.199,0.01004,,
989,133.06543737,1.00013306551,1.199,0.01004,,
990,133.0661157,1.00013306619,1.199,0.01004,,
991,133.066794029,1.00013306687,1.199,0.01004,,
992,133.067472358,1.00013306755,1.199,0.01004,,
993,133.068150687,1.00013306822,1.199,0.01004,,
994,133.068829016,1.0001330689,1.199,0.01004,,
995,133.069507346,1.00013306958,1.199,0.01004,,
996,133.070185675,1.00013307026,1.199,0.01004,,
997,133.070864004,1.00013307094,1.199,0.01004,,
998,133.071542333,1.00013307161,1.199,0.01004,,
999,133.072220662,1.00013307229,1.199,0.01004,,
1000,133.072898991,1.00013307297,1.199,0.01004,,
1001,133.073577321,1.00013307365,1.199,0.01004,,
1002,133.07425565,1.00013307433,1.199,0.01004,,
1003,133.074933979,1.00013307501,1.199,0.01004,,
1004,133.075612308,1.00013307568,1.199,0.01004,,
1005,133.076290637,1.00013307636,1.199,0.01004,,
1006,133.076968967,1.00013307704,1.199,0.01004,,
1007,133.077647296,1.00013307772,1.199,0.01004,,
1008,133.078325625,1.0001330784,1.199,0.01004,,
1009,133.079003954,1.00013307907,1.199,0.01004,,
1010,133.079682283,1.00013307975,1.199,0.01004,,
1011,133.080360613,1.00013308043,1.199,0.01004,,
1012,133.081038942,1.00013308111,1.199,0.01004,,
1013,133.081717271,1.00013308179,1.199,0.01004,,
1014,133.0823956,1.00013308246,1.199,0.01004,,
1015,133.083073929,1.00013308314,1.199,0.01004,,
1016,133.083752259,1.00013308382,1.199,0.01004,,
1017,133.084430588,1.0001330845,1.199,0.01004,,
1018,133.085108917,1.00013308518,1.199,0.01004,,
1019,133.085787246,1.00013308585,1.199,0.01004,,
1020,133.086465575,1.00013308653,1.199,0.01004,,
1021,133.087143904,1.00013308721,1.199,0.01004,,
1022,133.087822234,1.00013308789,1.199,0.01004,,
1023,133.088500563,1.00013308857,1.199,0.01004,,
1024,133.089178892,1.00013308925,1.199,0.01004,,
1025,133.089857221,1.00013308992,1.199,0.01004,,
1026,133.09053555,1.0001330906,1.1989,0.00868,,
1027,133.091080843,1.00013309115,1.1989,0.00868,,
1028,133.091626135,1.00013309169,1.1989,0.00868,,
1029,133.092171427,1.00013309224,1.1989,0.00868,,
1030,133.09271672,1.00013309278,1.1989,0.00868,,
1031,133.093262012,1.00013309333,1.1989,0.00868,,
1032,133.093807304,1.00013309387,1.1989,0.00868,,
1033,133.094352597,1.00013309442,1.1989,0.00868,,
1034,133.094897889,1.00013309496,1.1989,0.00868,,
1035,133.095443182,1.00013309551,1.1989,0.00868,,
1036,133.095988474,1.00013309605,1.1989,0.00868,,
1037,133.096533766,1.0001330966,1.1989,0.00868,,
1038,133.097079059,1.00013309714,1.1989,0.00868,,
1039,133.097624351,1.00013309769,1.1989,0.00868,,
1040,133.098169643,1.00013309823,1.1989,0.00868,,
1041,133.098714936,1.00013309878,1.1989,0.00868,,
1042,133.099260228,1.00013309932,1.1989,0.00868,,
1043,133.09980552,1.00013309987,1.1989,0.00868,,
1044,133.100350813,1.00013310041,1.1989,0.00868,,
1045,133.100896105,1.00013310096,1.1989,0.00868,,
1046,133.101441397,1.0001331015,1.1989,0.00868,,
1047,133.10198669,1.00013310205,1.1989,0.00868,,
1048,133.102531982,1.00013310259,1.1989,0.00868,,
1049,133.103077274,1.00013310314,1.1989,0.00868,,
1050,133.103622567,1.00013310368,1.1989,0.00868,,
1051,133.104167859,1.00013310423,1.1989,0.00868,,
1052,133.104713151,1.00013310477,1.1989,0.00868,,
1053,133.105258444,1.00013310532,1.1989,0.00868,,
1054,133.105803736,1.00013310586,1.1989,0.00868,,
1055,133.106349028,1.00013310641,1.1989,0.00868,,
1056,133.106894321,1.00013310695,1.1989,0.00868,,
1057,133.107439613,1.0001331075,1.1989,0.00868,,
1058,133.107984905,1.00013310804,1.1989,0.00868,,
1059,133.108530198,1.00013310859,1.1989,0.00868,,
1060,133.10907549,1.00013310913,1.1989,0.00868,,
1061,133.109620782,1.00013310968,1.1989,0.00868,,
1062,133.110166075,1.00013311022,1.1989,0.00746,,
1063,133.110600543,1.00013311066,1.1989,0.00746,,
1064,133.111035011,1.00013311109,1.1989,0.00746,,
1065,133.11146948,1.00013311152,1.1989,0.00746,,
1066,133.111903948,1.00013311196,1.1989,0.00746,,
1067,133.112338416,1.00013311239,1.1989,0.00746,,
1068,133.112772884,1.00013311283,1.1989,0.00746,,
1069,133.113207353,1.00013311326,1.1989,0.00746,,
1070,133.113641821,1.0001331137,1.1989,0.00746,,
1071,133.114076289,1.00013311413,1.1989,0.00746,,
1072,133.114510757,1.00013311457,1.1989,0.00746,,
1073,133.114945226,1.000133115,1.1989,0.00746,,
1074,133.115379694,1.00013311544,1.1989,0.00746,,
1075,133.115814162,1.00013311587,1.1989,0.00746,,
1076,133.11624863,1.00013311631,1.1989,0.00746,,
1077,133.116683099,1.00013311674,1.1989,0.00746,,
1078,133.117117567,1.00013311718,1.1989,0.00746,,
1079,133.117552035,1.00013311761,1.1989,0.00746,,
1080,133.117986503,1.00013311804,1.1989,0.00746,,
1081,133.118420972,1.00013311848,1.1989,0.00746,,
1082,133.11885544,1.00013311891,1.1989,0.00746,,
1083,133.119289908,1.00013311935,1.1989,0.00746,,
1084,133.119724376,1.00013311978,1.1989,0.00746,,
1085,133.120158845,1.00013312022,1.1988,0.00635,,
1086,133.120500054,1.00013312056,1.1988,0.00635,,
1087,133.120841262,1.0001331209,1.1988,0.00635,,
1088,133.121182471,1.00013312124,1.1988,0.00635,,
1089,133.12152368,1.00013312158,1.1988,0.00635,,
1090,133.121864889,1.00013312193,1.1988,0.00635,,
1091,133.122206098,1.00013312227,1.1988,0.00635,,
1092,133.122547307,1.00013312261,1.1988,0.00635,,
1093,133.122888515,1.00013312295,1.1988,0.00635,,
1094,133.123229724,1.00013312329,1.1988,0.00635,,
1095,133.123570933,1.00013312363,1.1988,0.00635,,
1096,133.123912142,1.00013312398,1.1988,0.00635,,
1097,133.124253351,1.00013312432,1.1988,0.00635,,
1098,133.12459456,1.00013312466,1.1988,0.00635,,
1099,133.124935768,1.000133125,1.1988,0.00635,,
1100,133.125276977,1.00013312534,1.1988,0.00635,,
1101,133.125618186,1.00013312568,1.1988,0.00635,,
1102,133.125959395,1.00013312602,1.1988,0.00635,,
1103,133.126300604,1.00013312637,1.1988,0.00635,,
1104,133.126641813,1.00013312671,1.1988,0.00635,,
1105,133.126983022,1.00013312705,1.1988,0.00635,,
1106,133.12732423,1.00013312739,1.1988,0.00635,,
1107,133.127665439,1.00013312773,1.1988,0.00635,,
1108,133.128006648,1.00013312807,1.1988,0.00635,,
1109,133.128347857,1.00013312842,1.1988,0.00635,,
1110,133.128689066,1.00013312876,1.1988,0.00635,,
1111,133.129030275,1.0001331291,1.1988,0.00635,,
1112,133.129371483,1.00013312944,1.1988,0.00635,,
1113,133.129712692,1.00013312978,1.1988,0.00635,,
1114,133.130053901,1.00013313012,1.1988,0.00635,,
1115,133.13039511,1.00013313046,1.1988,0.00635,,
1116,133.130736319,1.00013313081,1.1988,0.00635,,
1117,133.131077528,1.00013313115,1.1988,0.00635,,
1118,133.131418736,1.00013313149,1.1988,0.00635,,
1119,133.131759945,1.00013313183,1.1988,0.00635,,
1120,133.132101154,1.00013313217,1.1988,0.00635,,
1121,133.132442363,1.00013313251,1.1988,0.00635,,
1122,133.132783572,1.00013313286,1.1988,0.00635,,
1123,133.133124781,1.0001331332,1.1988,0.00635,,
1124,133.133465989,1.00013313354,1.1988,0.00635,,
1125,133.133807198,1.00013313388,1.1988,0.00635,,
1126,133.134148407,1.00013313422,1.1988,0.00635,,
1127,133.134489616,1.00013313456,1.1988,0.00635,,
1128,133.134830825,1.0001331349,1.1988,0.00635,,
1129,133.135172034,1.00013313525,1.1988,0.00635,,
1130,133.135513243,1.00013313559,1.1988,0.00635,,
1131,133.135854451,1.00013313593,1.1988,0.00635,,
1132,133.13619566,1.00013313627,1.1988,0.00635,,
1133,133.136536869,1.00013313661,1.1988,0.00635,,
1134,133.136878078,1.00013313695,1.1988,0.00635,,
1135,133.137219287,1.0001331373,1.1988,0.00635,,
1136,133.137560496,1.00013313764,1.1988,0.00635,,
1137,133.137901704,1.00013313798,1.1988,0.00635,,
1138,133.138242913,1.00013313832,1.1988,0.00635,,
1139,133.138584122,1.00013313866,1.1988,0.00635,,
1140,133.138925331,1.000133139,1.1988,0.00635,,
1141,133.13926654,1.00013313934,1.1988,0.00635,,
1142,133.139607749,1.00013313969,1.1988,0.00635,,
1143,133.139948957,1.00013314003,1.1988,0.00635,,
1144,133.140290166,1.00013314037,1.1988,0.0052,,
1145,133.140543017,1.00013314062,1.1988,0.0052,,
1146,133.140795868,1.00013314087,1.1988,0.0052,,
1147,133.141048719,1.00013314113,1.1988,0.0052,,
1148,133.14130157,1.00013314138,1.1988,0.0052,,
1149,133.141554421,1.00013314163,1.1988,0.0052,,
1150,133.141807272,1.00013314189,1.1988,0.0052,,
1151,133.142060123,1.00013314214,1.1988,0.0052,,
1152,133.142312974,1.00013314239,1.1988,0.0052,,
1153,133.142565825,1.00013314264,1.1988,0.0052,,
1154,133.142818676,1.0001331429,1.1988,0.0052,,
1155,133.143071527,1.00013314315,1.1988,0.0052,,
1156,133.143324378,1.0001331434,1.1988,0.0052,,
1157,133.143577229,1.00013314365,1.1988,0.0052,,
1158,133.143830081,1.00013314391,1.1988,0.0052,,
1159,133.144082932,1.00013314416,1.1988,0.0052,,
1160,133.144335783,1.00013314441,1.1988,0.0052,,
1161,133.144588634,1.00013314466,1.1988,0.0052,,
1162,133.144841485,1.00013314492,1.1988,0.0052,,
1163,133.145094336,1.00013314517,1.1988,0.0052,,
1164,133.145347187,1.00013314542,1.1988,0.0052,,
1165,133.145600038,1.00013314568,1.1988,0.0052,,
1166,133.145852889,1.00013314593,1.1988,0.0052,,
1167,133.14610574,1.00013314618,1.1988,0.0052,,
1168,133.146358591,1.00013314643,1.1988,0.0052,,
1169,133.146611442,1.00013314669,1.1988,0.0052,,
1170,133.146864293,1.00013314694,1.1988,0.0052,,
1171,133.147117144,1.00013314719,1.1988,0.0052,,
1172,133.147369995,1.00013314744,1.1988,0.0052,,
1173,133.147622846,1.0001331477,1.1988,0.0052,,
1174,133.147875697,1.00013314795,1.1988,0.0052,,
1175,133.148128548,1.0001331482,1.1988,0.0052,,
1176,133.148381399,1.00013314845,1.1988,0.0052,,
1177,133.14863425,1.00013314871,1.1988,0.0052,,
1178,133.148887101,1.00013314896,1.1988,0.0052,,
1179,133.149139952,1.00013314921,1.1988,0.0052,,
1180,133.149392803,1.00013314947,1.1988,0.0052,,
1181,133.149645654,1.00013314972,1.1988,0.0052,,
1182,133.149898505,1.00013314997,1.1988,0.0052,,
1183,133.150151356,1.00013315022,1.1987,0.00408,,
1184,133.150327092,1.0001331504,1.1987,0.00408,,
1185,133.150502827,1.00013315058,1.1987,0.00408,,
1186,133.150678563,1.00013315075,1.1987,0.00408,,
1187,133.150854298,1.00013315093,1.1987,0.00408,,
1188,133.151030034,1.0001331511,1.1987,0.00408,,
1189,133.15120577,1.00013315128,1.1987,0.00408,,
1190,133.151381505,1.00013315145,1.1987,0.00408,,
1191,133.151557241,1.00013315163,1.1987,0.00408,,
1192,133.151732977,1.00013315181,1.1987,0.00408,,
1193,133.151908712,1.00013315198,1.1987,0.00408,,
1194,133.152084448,1.00013315216,1.1987,0.00408,,
1195,133.152260183,1.00013315233,1.1987,0.00408,,
1196,133.152435919,1.00013315251,1.1987,0.00408,,
1197,133.152611655,1.00013315269,1.1987,0.00408,,
1198,133.15278739,1.00013315286,1.1987,0.00408,,
1199,133.152963126,1.00013315304,1.1987,0.00408,,
1200,133.153138862,1.00013315321,1.1987,0.00408,,
1201,133.153314597,1.00013315339,1.1987,0.00408,,
1202,133.153490333,1.00013315357,1.1987,0.00408,,
1203,133.153666068,1.00013315374,1.1987,0.00408,,
1204,133.153841804,1.00013315392,1.1987,0.00408,,
1205,133.15401754,1.00013315409,1.1987,0.00408,,
1206,133.154193275,1.00013315427,1.1987,0.00408,,
1207,133.154369011,1.00013315445,1.1987,0.00408,,
1208,133.154544746,1.00013315462,1.1987,0.00408,,
1209,133.154720482,1.0001331548,1.1987,0.00408,,
1210,133.154896218,1.00013315497,1.1987,0.00408,,
1211,133.155071953,1.00013315515,1.1987,0.00408,,
1212,133.155247689,1.00013315533,1.1987,0.00408,,
1213,133.155423425,1.0001331555,1.1987,0.00408,,
1214,133.15559916,1.00013315568,1.1987,0.00408,,
1215,133.155774896,1.00013315585,1.1987,0.00408,,
1216,133.155950631,1.00013315603,1.1987,0.00408,,
1217,133.156126367,1.00013315621,1.1987,0.00408,,
1218,133.156302103,1.00013315638,1.1987,0.00408,,
1219,133.156477838,1.00013315656,1.1987,0.00408,,
1220,133.156653574,1.00013315673,1.1987,0.00408,,
1221,133.15682931,1.00013315691,1.1987,0.00408,,
1222,133.157005045,1.00013315709,1.1987,0.00408,,
1223,133.157180781,1.00013315726,1.1987,0.00408,,
1224,133.157356516,1.00013315744,1.1987,0.00408,,
1225,133.157532252,1.00013315761,1.1987,0.00408,,
1226,133.157707988,1.00013315779,1.1987,0.00408,,
1227,133.157883723,1.00013315797,1.1987,0.00408,,
1228,133.158059459,1.00013315814,1.1987,0.00408,,
1229,133.158235195,1.00013315832,1.1987,0.00408,,
1230,133.15841093,1.00013315849,1.1987,0.00408,,
1231,133.158586666,1.00013315867,1.1987,0.00408,,
1232,133.158762401,1.00013315885,1.1987,0.00408,,
1233,133.158938137,1.00013315902,1.1987,0.00408,,
1234,133.159113873,1.0001331592,1.1987,0.00408,,
1235,133.159289608,1.00013315937,1.1987,0.00408,,
1236,133.159465344,1.00013315955,1.1987,0.00408,,
1237,133.15964108,1.00013315973,1.1987,0.00408,,
1238,133.159816815,1.0001331599,1.1987,0.00408,,
1239,133.159992551,1.00013316008,1.1987,0.00408,,
1240,133.160168286,1.00013316025,1.1987,0.00299,,
1241,133.160278536,1.00013316036,1.1987,0.00299,,
1242,133.160388785,1.00013316047,1.1987,0.00299,,
1243,133.160499035,1.00013316058,1.1987,0.00299,,
1244,133.160609284,1.00013316069,1.1987,0.00299,,
1245,133.160719534,1.0001331608,1.1987,0.00299,,
1246,133.160829783,1.00013316091,1.1987,0.00299,,
1247,133.160940032,1.00013316103,1.1987,0.00299,,
1248,133.161050282,1.00013316114,1.1987,0.00299,,
1249,133.161160531,1.00013316125,1.1987,0.00299,,
1250,133.161270781,1.00013316136,1.1987,0.00299,,
1251,133.16138103,1.00013316147,1.1987,0.00299,,
1252,133.16149128,1.00013316158,1.1987,0.00299,,
1253,133.161601529,1.00013316169,1.1987,0.00299,,
1254,133.161711778,1.0001331618,1.1987,0.00299,,
1255,133.161822028,1.00013316191,1.1987,0.00299,,
1256,133.161932277,1.00013316202,1.1987,0.00299,,
1257,133.162042527,1.00013316213,1.1987,0.00299,,
1258,133.162152776,1.00013316224,1.1987,0.00299,,
1259,133.162263026,1.00013316235,1.1987,0.00299,,
1260,133.162373275,1.00013316246,1.1987,0.00299,,
1261,133.162483524,1.00013316257,1.1987,0.00299,,
1262,133.162593774,1.00013316268,1.1987,0.00299,,
1263,133.162704023,1.00013316279,1.1987,0.00299,,
1264,133.162814273,1.0001331629,1.1987,0.00299,,
1265,133.162924522,1.00013316301,1.1987,0.00299,,
1266,133.163034772,1.00013316312,1.1987,0.00299,,
1267,133.163145021,1.00013316323,1.1987,0.00299,,
1268,133.16325527,1.00013316334,1.1987,0.00299,,
1269,133.16336552,1.00013316345,1.1987,0.00299,,
1270,133.163475769,1.00013316356,1.1987,0.00299,,
1271,133.163586019,1.00013316367,1.1987,0.00299,,
1272,133.163696268,1.00013316378,1.1987,0.00299,,
1273,133.163806518,1.00013316389,1.1987,0.00299,,
1274,133.163916767,1.000133164,1.1987,0.00299,,
1275,133.164027016,1.00013316411,1.1987,0.00299,,
1276,133.164137266,1.00013316422,1.1987,0.00299,,
1277,133.164247515,1.00013316433,1.1987,0.00299,,
1278,133.164357765,1.00013316444,1.1987,0.00299,,
1279,133.164468014,1.00013316455,1.1987,0.00299,,
1280,133.164578264,1.00013316466,1.1987,0.00299,,
1281,133.164688513,1.00013316477,1.1987,0.00299,,
1282,133.164798762,1.00013316488,1.1987,0.00299,,
1283,133.164909012,1.000133165,1.1987,0.00299,,
1284,133.165019261,1.00013316511,1.1987,0.00299,,
1285,133.165129511,1.00013316522,1.1987,0.00299,,
1286,133.16523976,1.00013316533,1.1987,0.00299,,
1287,133.16535001,1.00013316544,1.1987,0.00299,,
1288,133.165460259,1.00013316555,1.1987,0.00299,,
1289,133.165570508,1.00013316566,1.1987,0.00299,,
1290,133.165680758,1.00013316577,1.1987,0.00299,,
1291,133.165791007,1.00013316588,1.1987,0.00299,,
1292,133.165901257,1.00013316599,1.1987,0.00299,,
1293,133.166011506,1.0001331661,1.1987,0.00299,,
1294,133.166121756,1.00013316621,1.1987,0.00299,,
1295,133.166232005,1.00013316632,1.1987,0.00299,,
1296,133.166342254,1.00013316643,1.1987,0.00299,,
1297,133.166452504,1.00013316654,1.1987,0.00299,,
1298,133.166562753,1.00013316665,1.1987,0.00299,,
1299,133.166673003,1.00013316676,1.1987,0.00299,,
1300,133.166783252,1.00013316687,1.1987,0.00299,,
1301,133.166893502,1.00013316698,1.1987,0.00299,,
1302,133.167003751,1.00013316709,1.1987,0.00299,,
1303,133.167114,1.0001331672,1.1987,0.00299,,
1304,133.16722425,1.00013316731,1.1987,0.00299,,
1305,133.167334499,1.00013316742,1.1987,0.00299,,
1306,133.167444749,1.00013316753,1.1987,0.00299,,
1307,133.167554998,1.00013316764,1.1987,0.00299,,
1308,133.167665248,1.00013316775,1.1987,0.00299,,
1309,133.167775497,1.00013316786,1.1987,0.00299,,
1310,133.167885746,1.00013316797,1.1987,0.00299,,
1311,133.167995996,1.00013316808,1.1987,0.00299,,
1312,133.168106245,1.00013316819,1.1987,0.00299,,
1313,133.168216495,1.0001331683,1.1987,0.00299,,
1314,133.168326744,1.00013316841,1.1987,0.00299,,
1315,133.168436994,1.00013316852,1.1987,0.00299,,
1316,133.168547243,1.00013316863,1.1987,0.00299,,
1317,133.168657492,1.00013316874,1.1987,0.00299,,
1318,133.168767742,1.00013316885,1.1987,0.00299,,
1319,133.168877991,1.00013316897,1.1987,0.00299,,
1320,133.168988241,1.00013316908,1.1987,0.00299,,
1321,133.16909849,1.00013316919,1.1987,0.00299,,
1322,133.16920874,1.0001331693,1.1987,0.00299,,
1323,133.169318989,1.00013316941,1.1987,0.00299,,
1324,133.169429238,1.00013316952,1.1987,0.00299,,
1325,133.169539488,1.00013316963,1.1987,0.00299,,
1326,133.169649737,1.00013316974,1.1987,0.00299,,
1327,133.169759987,1.00013316985,1.1987,0.00299,,
1328,133.169870236,1.00013316996,1.1987,0.00299,,
1329,133.169980486,1.00013317007,1.1987,0.00299,,
